Sub.Num,Tr.Num,stimuli,age_code,correct,Months,clean_target_img,RT,condition,rt,guess,guess_num,ucl_bound,ewma_param,param_value
30069,29,ASL,adult,1,295,kitty,0.033,ASL,0.03,guess,0,0.010000000000000009,cs,0.5
30074,20,ASL,adult,1,324,birdy,0.033,ASL,0.03,guess,0,0,cs,0.51
30074,34,ASL,adult,1,324,car,0.033,ASL,0.03,guess,0,0.010000000000000009,cs,0.51
30075,30,ASL,adult,1,358,teddy,0.033,ASL,0.03,guess,0,0,cs,0.52
30069,36,ASL,adult,1,295,ball,0.067,ASL,0.07,guess,0,0,cs,0.52
30074,15,ASL,adult,1,324,birdy,0.067,ASL,0.07,response,1,0.010000000000000009,cs,0.53
30075,29,ASL,adult,1,358,kitty,0.067,ASL,0.07,guess,0,0,cs,0.53
30075,31,ASL,adult,1,358,birdy,0.067,ASL,0.07,response,1,0.010000000000000009,cs,0.54
30022,24,ASL,adult,1,350,cup,0.1,ASL,0.1,response,1,0.010000000000000009,cs,0.54
30069,21,ASL,adult,1,295,book,0.1,ASL,0.1,response,1,0.020000000000000018,cs,0.55
30069,26,ASL,adult,1,295,shoe,0.1,ASL,0.1,response,1,0.020000000000000018,cs,0.55
30074,35,ASL,adult,1,324,doll,0.1,ASL,0.1,response,1,0.030000000000000027,cs,0.56
30075,15,ASL,adult,1,358,birdy,0.1,ASL,0.1,response,1,0.030000000000000027,cs,0.56
30059,10,ASL,adult,1,575,sock,0.133,ASL,0.13,response,1,0.029999999999999916,cs,0.57
30069,23,ASL,adult,1,295,teddy,0.133,ASL,0.13,response,1,0.029999999999999916,cs,0.57
30074,33,ASL,adult,1,324,shoe,0.133,ASL,0.13,response,1,0.029999999999999916,cs,0.57
30059,34,ASL,adult,1,575,shoe,0.167,ASL,0.17,response,1,0.039999999999999925,cs,0.58
30060,33,ASL,adult,1,246,ball,0.167,ASL,0.17,response,1,0.039999999999999925,cs,0.58
30069,7,ASL,adult,1,295,book,0.167,ASL,0.17,response,1,0.04999999999999993,cs,0.59
30069,20,ASL,adult,1,295,birdy,0.167,ASL,0.17,response,1,0.04999999999999993,cs,0.59
30074,25,ASL,adult,1,324,kitty,0.167,ASL,0.17,response,1,0.05999999999999994,cs,0.6
30075,33,ASL,adult,1,358,shoe,0.167,ASL,0.17,response,1,0.05999999999999994,cs,0.6
30075,34,ASL,adult,1,358,car,0.167,ASL,0.17,response,1,0.05999999999999994,cs,0.6
30078,34,ASL,adult,1,324,car,0.167,ASL,0.17,response,1,0.06999999999999995,cs,0.61
30081,31,ASL,adult,1,530,birdy,0.167,ASL,0.17,response,1,0.06999999999999995,cs,0.61
30007,10,ASL,adult,1,695,sock,0.2,ASL,0.2,response,1,0.05999999999999994,cs,0.61
30007,27,ASL,adult,1,695,cup,0.2,ASL,0.2,response,1,0.06999999999999995,cs,0.62
30044,34,ASL,adult,1,276,shoe,0.2,ASL,0.2,response,1,0.06999999999999995,cs,0.62
30069,30,ASL,adult,1,295,teddy,0.2,ASL,0.2,response,1,0.07999999999999996,cs,0.63
30069,31,ASL,adult,1,295,birdy,0.2,ASL,0.2,response,1,0.07999999999999996,cs,0.63
30069,35,ASL,adult,1,295,doll,0.2,ASL,0.2,response,1,0.07999999999999996,cs,0.63
30074,7,ASL,adult,0,324,book,0.2,ASL,0.2,response,1,0.07999999999999996,cs,0.63
30075,20,ASL,adult,1,358,birdy,0.2,ASL,0.2,response,1,0.07999999999999996,cs,0.63
30075,24,ASL,adult,1,358,car,0.2,ASL,0.2,response,1,0.07999999999999996,cs,0.63
30078,35,ASL,adult,1,324,doll,0.2,ASL,0.2,response,1,0.08999999999999997,cs,0.64
30081,20,ASL,adult,1,530,birdy,0.2,ASL,0.2,response,1,0.08999999999999997,cs,0.64
30004,8,ASL,adult,1,349,ball,0.233,ASL,0.23,response,1,0.09999999999999998,cs,0.65
30006,29,ASL,adult,1,575,ball,0.233,ASL,0.23,response,1,0.09999999999999998,cs,0.65
30007,20,ASL,adult,1,695,sock,0.233,ASL,0.23,response,1,0.09999999999999998,cs,0.65
30060,38,ASL,adult,1,246,shoe,0.233,ASL,0.23,response,1,0.10999999999999999,cs,0.66
30069,12,ASL,adult,1,295,kitty,0.233,ASL,0.23,response,1,0.10999999999999999,cs,0.66
30069,15,ASL,adult,1,295,birdy,0.233,ASL,0.23,response,1,0.10999999999999999,cs,0.66
30069,27,ASL,adult,1,295,doll,0.233,ASL,0.23,response,1,0.12,cs,0.67
30074,29,ASL,adult,1,324,kitty,0.233,ASL,0.23,response,1,0.12,cs,0.67
30075,21,ASL,adult,1,358,book,0.233,ASL,0.23,response,1,0.12,cs,0.67
30081,21,ASL,adult,1,530,book,0.233,ASL,0.23,response,1,0.12,cs,0.68
30081,33,ASL,adult,1,530,shoe,0.233,ASL,0.23,response,1,0.12,cs,0.68
30081,34,ASL,adult,1,530,car,0.233,ASL,0.23,response,1,0.12,cs,0.68
30007,12,ASL,adult,1,695,ball,0.267,ASL,0.27,response,1,0.1299999999999999,cs,0.69
30007,19,ASL,adult,1,695,shoe,0.267,ASL,0.27,response,1,0.1299999999999999,cs,0.69
30007,24,ASL,adult,1,695,cup,0.267,ASL,0.27,response,1,0.1299999999999999,cs,0.69
30007,26,ASL,adult,1,695,doll,0.267,ASL,0.27,response,1,0.1399999999999999,cs,0.7
30044,26,ASL,adult,1,276,shoe,0.267,ASL,0.27,response,1,0.1399999999999999,cs,0.7
30044,32,ASL,adult,1,276,birdy,0.267,ASL,0.27,response,1,0.1399999999999999,cs,0.7
30060,16,ASL,adult,1,246,shoe,0.267,ASL,0.27,response,1,0.1399999999999999,cs,0.7
30069,9,ASL,adult,1,295,shoe,0.267,ASL,0.27,response,1,0.1499999999999999,cs,0.71
30069,13,ASL,adult,1,295,teddy,0.267,ASL,0.27,response,1,0.1499999999999999,cs,0.71
30069,24,ASL,adult,1,295,car,0.267,ASL,0.27,response,1,0.1499999999999999,cs,0.71
30074,12,ASL,adult,1,324,kitty,0.267,ASL,0.27,response,1,0.15999999999999992,cs,0.72
30007,15,ASL,adult,1,695,cup,0.3,ASL,0.3,response,1,0.15999999999999992,cs,0.72
30007,16,ASL,adult,1,695,shoe,0.3,ASL,0.3,response,1,0.15999999999999992,cs,0.72
30007,23,ASL,adult,1,695,birdy,0.3,ASL,0.3,response,1,0.15999999999999992,cs,0.72
30059,33,ASL,adult,1,575,ball,0.3,ASL,0.3,response,1,0.16999999999999993,cs,0.73
30060,29,ASL,adult,1,246,ball,0.3,ASL,0.3,response,1,0.16999999999999993,cs,0.73
30060,36,ASL,adult,1,246,sock,0.3,ASL,0.3,response,1,0.16999999999999993,cs,0.73
30075,4,ASL,adult,1,358,ball,0.3,ASL,0.3,response,1,0.17999999999999994,cs,0.74
30075,27,ASL,adult,1,358,doll,0.3,ASL,0.3,response,1,0.17999999999999994,cs,0.74
30079,31,ASL,adult,1,325,birdy,0.3,ASL,0.3,response,1,0.17999999999999994,cs,0.74
30081,16,ASL,adult,1,530,doll,0.3,ASL,0.3,response,1,0.17999999999999994,cs,0.74
30005,28,ASL,adult,1,575,juice,0.333,ASL,0.33,response,1,0.18999999999999995,cs,0.75
30007,6,ASL,adult,1,695,cup,0.333,ASL,0.33,response,1,0.18999999999999995,cs,0.75
30022,12,ASL,adult,1,350,ball,0.333,ASL,0.33,response,1,0.18999999999999995,cs,0.75
30059,25,ASL,adult,1,575,cookie,0.333,ASL,0.33,response,1,0.18999999999999995,cs,0.75
30060,12,ASL,adult,1,246,ball,0.333,ASL,0.33,response,1,0.19999999999999996,cs,0.76
30069,6,ASL,adult,0,295,birdy,0.333,ASL,0.33,response,1,0.18999999999999995,cs,0.75
30074,13,ASL,adult,1,324,teddy,0.333,ASL,0.33,response,1,0.18999999999999995,cs,0.75
30075,17,ASL,adult,1,358,car,0.333,ASL,0.33,response,1,0.18999999999999995,cs,0.75
30078,23,ASL,adult,1,324,teddy,0.333,ASL,0.33,response,1,0.19999999999999996,cs,0.76
30081,22,ASL,adult,1,530,ball,0.333,ASL,0.33,response,1,0.19999999999999996,cs,0.76
30081,29,ASL,adult,1,530,kitty,0.333,ASL,0.33,response,1,0.19999999999999996,cs,0.76
30081,30,ASL,adult,1,530,teddy,0.333,ASL,0.33,response,1,0.19999999999999996,cs,0.76
30081,32,ASL,adult,1,530,book,0.333,ASL,0.33,response,1,0.20999999999999996,cs,0.77
30005,36,ASL,adult,1,575,sock,0.367,ASL,0.37,response,1,0.20999999999999996,cs,0.77
30005,38,ASL,adult,1,575,shoe,0.367,ASL,0.37,response,1,0.20999999999999996,cs,0.77
30007,17,ASL,adult,1,695,kitty,0.367,ASL,0.37,response,1,0.20999999999999996,cs,0.77
30044,13,ASL,adult,1,276,teddy,0.367,ASL,0.37,response,1,0.20999999999999996,cs,0.77
30044,15,ASL,adult,1,276,birdy,0.367,ASL,0.37,response,1,0.21999999999999997,cs,0.78
30044,23,ASL,adult,1,276,teddy,0.367,ASL,0.37,response,1,0.21999999999999997,cs,0.78
30059,29,ASL,adult,1,575,ball,0.367,ASL,0.37,response,1,0.21999999999999997,cs,0.78
30060,8,ASL,adult,1,246,ball,0.367,ASL,0.37,response,1,0.21999999999999997,cs,0.78
30060,27,ASL,adult,1,246,cup,0.367,ASL,0.37,response,1,0.22999999999999998,cs,0.79
30074,24,ASL,adult,1,324,car,0.367,ASL,0.37,response,1,0.22000000000000008,cs,0.79
30074,31,ASL,adult,1,324,birdy,0.367,ASL,0.37,response,1,0.22000000000000008,cs,0.79
30078,21,ASL,adult,1,324,book,0.367,ASL,0.37,response,1,0.22000000000000008,cs,0.79
30078,30,ASL,adult,1,324,teddy,0.367,ASL,0.37,response,1,0.22000000000000008,cs,0.79
30078,32,ASL,adult,1,324,book,0.367,ASL,0.37,response,1,0.2300000000000001,cs,0.8
30079,23,ASL,adult,1,325,teddy,0.367,ASL,0.37,response,1,0.2300000000000001,cs,0.8
30081,12,ASL,adult,1,530,kitty,0.367,ASL,0.37,response,1,0.2300000000000001,cs,0.8
30081,17,ASL,adult,1,530,car,0.367,ASL,0.37,response,1,0.2300000000000001,cs,0.8
30005,10,ASL,adult,1,575,sock,0.4,ASL,0.4,response,1,0.2300000000000001,cs,0.8
30005,30,ASL,adult,1,575,cookie,0.4,ASL,0.4,response,1,0.2400000000000001,cs,0.81
30006,15,ASL,adult,1,575,cup,0.4,ASL,0.4,response,1,0.2400000000000001,cs,0.81
30007,3,ASL,adult,1,695,sock,0.4,ASL,0.4,response,1,0.2400000000000001,cs,0.81
30007,8,ASL,adult,1,695,ball,0.4,ASL,0.4,response,1,0.2400000000000001,cs,0.81
30007,9,ASL,adult,1,695,birdy,0.4,ASL,0.4,response,1,0.2400000000000001,cs,0.81
30007,25,ASL,adult,1,695,cookie,0.4,ASL,0.4,response,1,0.25,cs,0.82
30022,15,ASL,adult,1,350,cup,0.4,ASL,0.4,response,1,0.25,cs,0.82
30027,15,ASL,adult,1,379,birdy,0.4,ASL,0.4,response,1,0.25,cs,0.82
30044,25,ASL,adult,1,276,kitty,0.4,ASL,0.4,response,1,0.25,cs,0.82
30044,30,ASL,adult,1,276,ball,0.4,ASL,0.4,response,1,0.25,cs,0.82
30074,18,ASL,adult,1,324,shoe,0.4,ASL,0.4,response,1,0.25,cs,0.82
30074,22,ASL,adult,1,324,ball,0.4,ASL,0.4,response,1,0.26,cs,0.83
30074,26,ASL,adult,1,324,shoe,0.4,ASL,0.4,response,1,0.26,cs,0.83
30081,15,ASL,adult,1,530,birdy,0.4,ASL,0.4,response,1,0.26,cs,0.83
30005,27,ASL,adult,1,575,cup,0.433,ASL,0.43,response,1,0.26,cs,0.83
30006,8,ASL,adult,1,575,ball,0.433,ASL,0.43,response,1,0.26,cs,0.83
30022,22,ASL,adult,1,350,juice,0.433,ASL,0.43,response,1,0.26,cs,0.83
30022,23,ASL,adult,1,350,birdy,0.433,ASL,0.43,response,1,0.27,cs,0.84
30044,33,ASL,adult,1,276,book,0.433,ASL,0.43,response,1,0.27,cs,0.84
30060,28,ASL,adult,1,246,juice,0.433,ASL,0.43,response,1,0.27,cs,0.84
30060,34,ASL,adult,1,246,shoe,0.433,ASL,0.43,response,1,0.27,cs,0.84
30060,37,ASL,adult,0,246,kitty,0.433,ASL,0.43,response,1,0.26,cs,0.83
30069,33,ASL,adult,1,295,shoe,0.433,ASL,0.43,response,1,0.26,cs,0.83
30074,5,ASL,adult,1,324,teddy,0.433,ASL,0.43,response,1,0.27,cs,0.84
30075,12,ASL,adult,1,358,kitty,0.433,ASL,0.43,response,1,0.27,cs,0.84
30078,29,ASL,adult,1,324,kitty,0.433,ASL,0.43,response,1,0.27,cs,0.84
30078,31,ASL,adult,1,324,birdy,0.433,ASL,0.43,response,1,0.27,cs,0.84
30079,32,ASL,adult,1,325,book,0.433,ASL,0.43,response,1,0.27,cs,0.84
30079,34,ASL,adult,1,325,car,0.433,ASL,0.43,response,1,0.27,cs,0.84
30081,26,ASL,adult,1,530,shoe,0.433,ASL,0.43,response,1,0.28,cs,0.85
30007,11,ASL,adult,1,695,juice,0.467,ASL,0.47,response,1,0.28,cs,0.85
30007,28,ASL,adult,1,695,juice,0.467,ASL,0.47,response,1,0.28,cs,0.85
30022,3,ASL,adult,1,350,sock,0.467,ASL,0.47,response,1,0.28,cs,0.85
30027,26,ASL,adult,1,379,shoe,0.467,ASL,0.47,response,1,0.28,cs,0.85
30044,8,ASL,adult,1,276,book,0.467,ASL,0.47,response,1,0.28,cs,0.85
30059,11,ASL,adult,1,575,juice,0.467,ASL,0.47,response,1,0.28,cs,0.85
30059,15,ASL,adult,1,575,cup,0.467,ASL,0.47,response,1,0.29000000000000004,cs,0.86
30059,24,ASL,adult,1,575,cup,0.467,ASL,0.47,response,1,0.29000000000000004,cs,0.86
30060,5,ASL,adult,1,246,cookie,0.467,ASL,0.47,response,1,0.29000000000000004,cs,0.86
30060,24,ASL,adult,1,246,cup,0.467,ASL,0.47,response,1,0.29000000000000004,cs,0.86
30069,22,ASL,adult,1,295,ball,0.467,ASL,0.47,response,1,0.29000000000000004,cs,0.86
30074,17,ASL,adult,1,324,car,0.467,ASL,0.47,response,1,0.29000000000000004,cs,0.86
30078,16,ASL,adult,1,324,doll,0.467,ASL,0.47,response,1,0.29000000000000004,cs,0.86
30078,20,ASL,adult,1,324,birdy,0.467,ASL,0.47,response,1,0.30000000000000004,cs,0.87
30079,30,ASL,adult,1,325,teddy,0.467,ASL,0.47,response,1,0.30000000000000004,cs,0.87
30081,36,ASL,adult,1,530,ball,0.467,ASL,0.47,response,1,0.30000000000000004,cs,0.87
30044,5,ASL,adult,1,276,teddy,0.5,ASL,0.5,response,1,0.30000000000000004,cs,0.87
30044,7,ASL,adult,1,276,birdy,0.5,ASL,0.5,response,1,0.30000000000000004,cs,0.87
30044,9,ASL,adult,1,276,kitty,0.5,ASL,0.5,response,1,0.30000000000000004,cs,0.87
30044,22,ASL,adult,1,276,ball,0.5,ASL,0.5,response,1,0.30000000000000004,cs,0.87
30044,24,ASL,adult,1,276,car,0.5,ASL,0.5,response,1,0.31000000000000005,cs,0.88
30059,8,ASL,adult,1,575,ball,0.5,ASL,0.5,response,1,0.31000000000000005,cs,0.88
30059,12,ASL,adult,1,575,ball,0.5,ASL,0.5,response,1,0.31000000000000005,cs,0.88
30060,32,ASL,adult,1,246,cookie,0.5,ASL,0.5,response,1,0.31000000000000005,cs,0.88
30060,39,ASL,adult,1,246,juice,0.5,ASL,0.5,response,1,0.31000000000000005,cs,0.88
30074,32,ASL,adult,1,324,book,0.5,ASL,0.5,response,1,0.31000000000000005,cs,0.88
30075,5,ASL,adult,1,358,teddy,0.5,ASL,0.5,response,1,0.31000000000000005,cs,0.88
30078,12,ASL,adult,1,324,kitty,0.5,ASL,0.5,response,1,0.31000000000000005,cs,0.88
30078,26,ASL,adult,1,324,shoe,0.5,ASL,0.5,response,1,0.31000000000000005,cs,0.88
30081,7,ASL,adult,1,530,book,0.5,ASL,0.5,response,1,0.32000000000000006,cs,0.89
30005,7,ASL,adult,1,575,cookie,0.533,ASL,0.53,response,1,0.32000000000000006,cs,0.89
30005,37,ASL,adult,0,575,kitty,0.533,ASL,0.53,response,1,0.31000000000000005,cs,0.88
30007,21,ASL,adult,1,695,teddy,0.533,ASL,0.53,response,1,0.31000000000000005,cs,0.88
30021,29,ASL,adult,1,694,ball,0.533,ASL,0.53,response,1,0.31000000000000005,cs,0.88
30027,9,ASL,adult,1,379,kitty,0.533,ASL,0.53,response,1,0.31000000000000005,cs,0.88
30044,4,ASL,adult,1,276,ball,0.533,ASL,0.53,response,1,0.31000000000000005,cs,0.88
30044,14,ASL,adult,1,276,ball,0.533,ASL,0.53,response,1,0.31000000000000005,cs,0.88
30044,20,ASL,adult,1,276,birdy,0.533,ASL,0.53,response,1,0.32000000000000006,cs,0.89
30044,31,ASL,adult,1,276,teddy,0.533,ASL,0.53,response,1,0.32000000000000006,cs,0.89
30044,35,ASL,adult,1,276,doll,0.533,ASL,0.53,response,1,0.32000000000000006,cs,0.89
30044,36,ASL,adult,1,276,car,0.533,ASL,0.53,response,1,0.32000000000000006,cs,0.89
30059,38,ASL,adult,1,575,shoe,0.533,ASL,0.53,response,1,0.32000000000000006,cs,0.89
30060,11,ASL,adult,1,246,juice,0.533,ASL,0.53,response,1,0.32000000000000006,cs,0.89
30074,30,ASL,adult,1,324,teddy,0.533,ASL,0.53,response,1,0.32000000000000006,cs,0.89
30075,22,ASL,adult,1,358,ball,0.533,ASL,0.53,response,1,0.32000000000000006,cs,0.89
30078,33,ASL,adult,1,324,shoe,0.533,ASL,0.53,response,1,0.32000000000000006,cs,0.89
30081,6,ASL,adult,1,530,birdy,0.533,ASL,0.53,response,1,0.33000000000000007,cs,0.9
30004,19,ASL,adult,1,349,kitty,0.567,ASL,0.57,response,1,0.33000000000000007,cs,0.9
30005,13,ASL,adult,1,575,cookie,0.567,ASL,0.57,response,1,0.33000000000000007,cs,0.9
30007,5,ASL,adult,1,695,cookie,0.567,ASL,0.57,response,1,0.33000000000000007,cs,0.9
30007,22,ASL,adult,1,695,juice,0.567,ASL,0.57,response,1,0.33000000000000007,cs,0.9
30021,27,ASL,adult,1,694,cup,0.567,ASL,0.57,response,1,0.33000000000000007,cs,0.9
30044,17,ASL,adult,1,276,car,0.567,ASL,0.57,response,1,0.33000000000000007,cs,0.9
30059,19,ASL,adult,1,575,shoe,0.567,ASL,0.57,response,1,0.33000000000000007,cs,0.9
30059,22,ASL,adult,1,575,juice,0.567,ASL,0.57,response,1,0.33000000000000007,cs,0.9
30060,6,ASL,adult,1,246,cup,0.567,ASL,0.57,response,1,0.33000000000000007,cs,0.9
30060,19,ASL,adult,1,246,shoe,0.567,ASL,0.57,response,1,0.3400000000000001,cs,0.91
30060,22,ASL,adult,1,246,juice,0.567,ASL,0.57,response,1,0.3400000000000001,cs,0.91
30069,17,ASL,adult,1,295,car,0.567,ASL,0.57,response,1,0.3400000000000001,cs,0.91
30075,16,ASL,adult,1,358,doll,0.567,ASL,0.57,response,1,0.3400000000000001,cs,0.91
30078,13,ASL,adult,1,324,teddy,0.567,ASL,0.57,response,1,0.3400000000000001,cs,0.91
30078,17,ASL,adult,1,324,car,0.567,ASL,0.57,response,1,0.3400000000000001,cs,0.91
30078,18,ASL,adult,1,324,shoe,0.567,ASL,0.57,response,1,0.3400000000000001,cs,0.91
30081,4,ASL,adult,1,530,ball,0.567,ASL,0.57,response,1,0.3400000000000001,cs,0.91
30004,43,ASL,adult,1,349,juice,0.6,ASL,0.6,response,1,0.3400000000000001,cs,0.91
30005,14,ASL,adult,1,575,juice,0.6,ASL,0.6,response,1,0.3400000000000001,cs,0.91
30005,16,ASL,adult,1,575,shoe,0.6,ASL,0.6,response,1,0.3400000000000001,cs,0.91
30005,29,ASL,adult,1,575,ball,0.6,ASL,0.6,response,1,0.3500000000000001,cs,0.92
30021,15,ASL,adult,1,694,cup,0.6,ASL,0.6,response,1,0.3500000000000001,cs,0.92
30021,20,ASL,adult,1,694,sock,0.6,ASL,0.6,response,1,0.3500000000000001,cs,0.92
30021,38,ASL,adult,1,694,shoe,0.6,ASL,0.6,response,1,0.3500000000000001,cs,0.92
30022,19,ASL,adult,1,350,shoe,0.6,ASL,0.6,response,1,0.3500000000000001,cs,0.92
30027,22,ASL,adult,1,379,ball,0.6,ASL,0.6,response,1,0.3500000000000001,cs,0.92
30027,23,ASL,adult,1,379,teddy,0.6,ASL,0.6,response,1,0.3500000000000001,cs,0.92
30027,24,ASL,adult,1,379,car,0.6,ASL,0.6,response,1,0.3500000000000001,cs,0.92
30027,30,ASL,adult,1,379,ball,0.6,ASL,0.6,response,1,0.3500000000000001,cs,0.92
30027,34,ASL,adult,1,379,shoe,0.6,ASL,0.6,response,1,0.3500000000000001,cs,0.92
30044,12,ASL,adult,1,276,kitty,0.6,ASL,0.6,response,1,0.3500000000000001,cs,0.92
30044,21,ASL,adult,1,276,book,0.6,ASL,0.6,response,1,0.3500000000000001,cs,0.92
30044,29,ASL,adult,1,276,kitty,0.6,ASL,0.6,response,1,0.3500000000000001,cs,0.92
30059,3,ASL,adult,1,575,sock,0.6,ASL,0.6,response,1,0.3600000000000001,cs,0.93
30059,6,ASL,adult,1,575,cup,0.6,ASL,0.6,response,1,0.3600000000000001,cs,0.93
30059,37,ASL,adult,1,575,kitty,0.6,ASL,0.6,response,1,0.3600000000000001,cs,0.93
30059,39,ASL,adult,1,575,juice,0.6,ASL,0.6,response,1,0.3600000000000001,cs,0.93
30060,7,ASL,adult,1,246,cookie,0.6,ASL,0.6,response,1,0.3600000000000001,cs,0.93
30060,17,ASL,adult,1,246,kitty,0.6,ASL,0.6,response,1,0.3600000000000001,cs,0.93
30079,25,ASL,adult,1,325,kitty,0.6,ASL,0.6,response,1,0.3600000000000001,cs,0.93
30079,33,ASL,adult,1,325,shoe,0.6,ASL,0.6,response,1,0.3600000000000001,cs,0.93
30081,9,ASL,adult,1,530,shoe,0.6,ASL,0.6,response,1,0.3600000000000001,cs,0.93
30005,3,ASL,adult,1,575,sock,0.633,ASL,0.63,response,1,0.3600000000000001,cs,0.93
30005,5,ASL,adult,1,575,cookie,0.633,ASL,0.63,response,1,0.3600000000000001,cs,0.93
30005,6,ASL,adult,1,575,cup,0.633,ASL,0.63,response,1,0.3600000000000001,cs,0.93
30005,8,ASL,adult,1,575,ball,0.633,ASL,0.63,response,1,0.3600000000000001,cs,0.93
30005,19,ASL,adult,1,575,shoe,0.633,ASL,0.63,response,1,0.3600000000000001,cs,0.93
30007,13,ASL,adult,1,695,cookie,0.633,ASL,0.63,response,1,0.37,cs,0.94
30007,14,ASL,adult,1,695,juice,0.633,ASL,0.63,response,1,0.37,cs,0.94
30021,28,ASL,adult,1,694,juice,0.633,ASL,0.63,response,1,0.37,cs,0.94
30021,34,ASL,adult,1,694,shoe,0.633,ASL,0.63,response,1,0.37,cs,0.94
30022,4,ASL,adult,1,350,juice,0.633,ASL,0.63,response,1,0.37,cs,0.94
30022,9,ASL,adult,1,350,birdy,0.633,ASL,0.63,response,1,0.37,cs,0.94
30022,14,ASL,adult,1,350,juice,0.633,ASL,0.63,response,1,0.37,cs,0.94
30022,17,ASL,adult,1,350,kitty,0.633,ASL,0.63,response,1,0.37,cs,0.94
30027,18,ASL,adult,1,379,shoe,0.633,ASL,0.63,response,1,0.37,cs,0.94
30027,35,ASL,adult,1,379,doll,0.633,ASL,0.63,response,1,0.37,cs,0.94
30059,36,ASL,adult,1,575,sock,0.633,ASL,0.63,response,1,0.37,cs,0.94
30060,13,ASL,adult,1,246,cookie,0.633,ASL,0.63,response,1,0.37,cs,0.94
30060,14,ASL,adult,1,246,juice,0.633,ASL,0.63,response,1,0.37,cs,0.94
30060,21,ASL,adult,1,246,teddy,0.633,ASL,0.63,response,1,0.37,cs,0.94
30060,23,ASL,adult,1,246,birdy,0.633,ASL,0.63,response,1,0.37,cs,0.94
30060,30,ASL,adult,1,246,cookie,0.633,ASL,0.63,response,1,0.37,cs,0.94
30069,16,ASL,adult,1,295,doll,0.633,ASL,0.63,response,1,0.37,cs,0.94
30075,18,ASL,adult,1,358,shoe,0.633,ASL,0.63,response,1,0.38,cs,0.95
30075,23,ASL,adult,1,358,teddy,0.633,ASL,0.63,response,1,0.38,cs,0.95
30081,25,ASL,adult,1,530,kitty,0.633,ASL,0.63,response,1,0.38,cs,0.95
30005,17,ASL,adult,1,575,kitty,0.667,ASL,0.67,response,1,0.38,cs,0.95
30005,20,ASL,adult,1,575,sock,0.667,ASL,0.67,response,1,0.38,cs,0.95
30005,32,ASL,adult,1,575,cookie,0.667,ASL,0.67,response,1,0.38,cs,0.95
30021,11,ASL,adult,1,694,juice,0.667,ASL,0.67,response,1,0.38,cs,0.95
30021,19,ASL,adult,1,694,shoe,0.667,ASL,0.67,response,1,0.38,cs,0.95
30022,2,ASL,adult,1,350,doll,0.667,ASL,0.67,response,1,0.38,cs,0.95
30022,16,ASL,adult,0,350,shoe,0.667,ASL,0.67,response,1,0.37,cs,0.94
30044,18,ASL,adult,1,276,shoe,0.667,ASL,0.67,response,1,0.37,cs,0.94
30059,14,ASL,adult,1,575,juice,0.667,ASL,0.67,response,1,0.37,cs,0.94
30059,20,ASL,adult,1,575,sock,0.667,ASL,0.67,response,1,0.37,cs,0.94
30060,15,ASL,adult,1,246,cup,0.667,ASL,0.67,response,1,0.37,cs,0.94
30060,20,ASL,adult,1,246,sock,0.667,ASL,0.67,response,1,0.37,cs,0.94
30074,6,ASL,adult,1,324,birdy,0.667,ASL,0.67,response,1,0.37,cs,0.94
30074,8,ASL,adult,1,324,kitty,0.667,ASL,0.67,response,1,0.37,cs,0.94
30075,6,ASL,adult,1,358,birdy,0.667,ASL,0.67,response,1,0.37,cs,0.94
30075,13,ASL,adult,1,358,teddy,0.667,ASL,0.67,response,1,0.38,cs,0.95
30075,35,ASL,adult,1,358,doll,0.667,ASL,0.67,response,1,0.38,cs,0.95
30078,7,ASL,adult,1,324,book,0.667,ASL,0.67,response,1,0.38,cs,0.95
30078,11,ASL,adult,1,324,book,0.667,ASL,0.67,response,1,0.38,cs,0.95
30078,14,ASL,adult,1,324,ball,0.667,ASL,0.67,response,1,0.38,cs,0.95
30004,4,ASL,adult,1,349,juice,0.7,ASL,0.7,response,1,0.38,cs,0.95
30004,7,ASL,adult,1,349,cookie,0.7,ASL,0.7,response,1,0.38,cs,0.95
30004,42,ASL,adult,1,349,shoe,0.7,ASL,0.7,response,1,0.38,cs,0.95
30005,9,ASL,adult,1,575,birdy,0.7,ASL,0.7,response,1,0.38,cs,0.95
30005,12,ASL,adult,1,575,ball,0.7,ASL,0.7,response,1,0.38,cs,0.95
30005,23,ASL,adult,1,575,birdy,0.7,ASL,0.7,response,1,0.38,cs,0.95
30005,33,ASL,adult,1,575,ball,0.7,ASL,0.7,response,1,0.38,cs,0.95
30005,39,ASL,adult,1,575,juice,0.7,ASL,0.7,response,1,0.38,cs,0.95
30007,7,ASL,adult,1,695,cookie,0.7,ASL,0.7,response,1,0.38,cs,0.95
30021,6,ASL,adult,1,694,cup,0.7,ASL,0.7,response,1,0.38,cs,0.95
30022,10,ASL,adult,1,350,sock,0.7,ASL,0.7,response,1,0.38,cs,0.95
30027,8,ASL,adult,1,379,book,0.7,ASL,0.7,response,1,0.38,cs,0.95
30027,13,ASL,adult,1,379,teddy,0.7,ASL,0.7,response,1,0.38,cs,0.95
30059,4,ASL,adult,1,575,juice,0.7,ASL,0.7,response,1,0.38,cs,0.95
30059,9,ASL,adult,1,575,birdy,0.7,ASL,0.7,response,1,0.38,cs,0.95
30059,30,ASL,adult,1,575,cookie,0.7,ASL,0.7,response,1,0.39,cs,0.96
30060,4,ASL,adult,1,246,juice,0.7,ASL,0.7,response,1,0.39,cs,0.96
30060,26,ASL,adult,1,246,doll,0.7,ASL,0.7,response,1,0.39,cs,0.96
30074,9,ASL,adult,1,324,shoe,0.7,ASL,0.7,response,1,0.39,cs,0.96
30079,6,ASL,adult,1,325,birdy,0.7,ASL,0.7,response,1,0.39,cs,0.96
30081,13,ASL,adult,1,530,teddy,0.7,ASL,0.7,response,1,0.39,cs,0.96
30004,36,ASL,adult,1,349,shoe,0.733,ASL,0.73,response,1,0.39,cs,0.96
30005,11,ASL,adult,1,575,juice,0.733,ASL,0.73,response,1,0.39,cs,0.96
30021,7,ASL,adult,1,694,cookie,0.733,ASL,0.73,response,1,0.39,cs,0.96
30021,16,ASL,adult,0,694,shoe,0.733,ASL,0.73,response,1,0.38,cs,0.95
30021,33,ASL,adult,1,694,ball,0.733,ASL,0.73,response,1,0.38,cs,0.95
30022,6,ASL,adult,1,350,cup,0.733,ASL,0.73,response,1,0.38,cs,0.95
30027,7,ASL,adult,1,379,birdy,0.733,ASL,0.73,response,1,0.38,cs,0.95
30059,35,ASL,adult,1,575,teddy,0.733,ASL,0.73,response,1,0.38,cs,0.95
30060,2,ASL,adult,1,246,doll,0.733,ASL,0.73,response,1,0.38,cs,0.95
30060,3,ASL,adult,1,246,sock,0.733,ASL,0.73,response,1,0.38,cs,0.95
30060,35,ASL,adult,1,246,teddy,0.733,ASL,0.73,response,1,0.38,cs,0.95
30069,8,ASL,adult,1,295,kitty,0.733,ASL,0.73,response,1,0.38,cs,0.95
30075,3,ASL,adult,1,358,car,0.733,ASL,0.73,response,1,0.38,cs,0.95
30075,9,ASL,adult,1,358,shoe,0.733,ASL,0.73,response,1,0.38,cs,0.95
30078,2,ASL,adult,1,324,doll,0.733,ASL,0.73,response,1,0.38,cs,0.95
30078,24,ASL,adult,1,324,car,0.733,ASL,0.73,response,1,0.38,cs,0.95
30079,36,ASL,adult,1,325,ball,0.733,ASL,0.73,response,1,0.39,cs,0.96
30004,23,ASL,adult,1,349,teddy,0.767,ASL,0.77,response,1,0.39,cs,0.96
30004,41,ASL,adult,1,349,cookie,0.767,ASL,0.77,response,1,0.39,cs,0.96
30005,2,ASL,adult,0,575,doll,0.767,ASL,0.77,response,1,0.38,cs,0.95
30005,4,ASL,adult,0,575,juice,0.767,ASL,0.77,response,1,0.37,cs,0.94
30006,2,ASL,adult,1,575,doll,0.767,ASL,0.77,response,1,0.37,cs,0.94
30006,13,ASL,adult,1,575,cookie,0.767,ASL,0.77,response,1,0.37,cs,0.94
30006,30,ASL,adult,1,575,cookie,0.767,ASL,0.77,response,1,0.37,cs,0.94
30007,2,ASL,adult,1,695,doll,0.767,ASL,0.77,response,1,0.37,cs,0.94
30021,10,ASL,adult,1,694,sock,0.767,ASL,0.77,response,1,0.37,cs,0.94
30021,14,ASL,adult,1,694,juice,0.767,ASL,0.77,response,1,0.37,cs,0.94
30021,22,ASL,adult,1,694,juice,0.767,ASL,0.77,response,1,0.37,cs,0.94
30021,24,ASL,adult,1,694,cup,0.767,ASL,0.77,response,1,0.37,cs,0.94
30021,36,ASL,adult,1,694,sock,0.767,ASL,0.77,response,1,0.37,cs,0.94
30021,39,ASL,adult,1,694,juice,0.767,ASL,0.77,response,1,0.37,cs,0.94
30027,16,ASL,adult,0,379,doll,0.767,ASL,0.77,response,1,0.3600000000000001,cs,0.93
30027,20,ASL,adult,1,379,birdy,0.767,ASL,0.77,response,1,0.3600000000000001,cs,0.93
30027,27,ASL,adult,1,379,doll,0.767,ASL,0.77,response,1,0.37,cs,0.94
30044,3,ASL,adult,1,276,car,0.767,ASL,0.77,response,1,0.37,cs,0.94
30059,17,ASL,adult,0,575,kitty,0.767,ASL,0.77,response,1,0.3600000000000001,cs,0.93
30060,9,ASL,adult,1,246,birdy,0.767,ASL,0.77,response,1,0.3600000000000001,cs,0.93
30074,21,ASL,adult,1,324,book,0.767,ASL,0.77,response,1,0.3600000000000001,cs,0.93
30078,5,ASL,adult,1,324,teddy,0.767,ASL,0.77,response,1,0.3600000000000001,cs,0.93
30078,9,ASL,adult,1,324,shoe,0.767,ASL,0.77,response,1,0.3600000000000001,cs,0.93
30078,15,ASL,adult,1,324,birdy,0.767,ASL,0.77,response,1,0.3600000000000001,cs,0.93
30004,27,ASL,adult,1,349,cookie,0.8,ASL,0.8,response,1,0.3600000000000001,cs,0.93
30004,38,ASL,adult,0,349,sock,0.8,ASL,0.8,response,1,0.3500000000000001,cs,0.92
30005,15,ASL,adult,1,575,cup,0.8,ASL,0.8,response,1,0.3500000000000001,cs,0.92
30005,22,ASL,adult,1,575,juice,0.8,ASL,0.8,response,1,0.3500000000000001,cs,0.92
30006,16,ASL,adult,1,575,shoe,0.8,ASL,0.8,response,1,0.3500000000000001,cs,0.92
30006,22,ASL,adult,1,575,juice,0.8,ASL,0.8,response,1,0.3500000000000001,cs,0.92
30021,25,ASL,adult,1,694,cookie,0.8,ASL,0.8,response,1,0.3600000000000001,cs,0.93
30022,13,ASL,adult,0,350,cookie,0.8,ASL,0.8,response,1,0.3500000000000001,cs,0.92
30027,29,ASL,adult,1,379,kitty,0.8,ASL,0.8,response,1,0.3500000000000001,cs,0.92
30044,6,ASL,adult,1,276,shoe,0.8,ASL,0.8,response,1,0.3500000000000001,cs,0.92
30044,16,ASL,adult,1,276,doll,0.8,ASL,0.8,response,1,0.3500000000000001,cs,0.92
30059,2,ASL,adult,0,575,doll,0.8,ASL,0.8,response,1,0.3400000000000001,cs,0.91
30059,13,ASL,adult,1,575,cookie,0.8,ASL,0.8,response,1,0.3400000000000001,cs,0.91
30059,23,ASL,adult,1,575,birdy,0.8,ASL,0.8,response,1,0.3400000000000001,cs,0.91
30060,25,ASL,adult,1,246,cookie,0.8,ASL,0.8,response,1,0.3400000000000001,cs,0.91
30074,16,ASL,adult,1,324,doll,0.8,ASL,0.8,response,1,0.3400000000000001,cs,0.91
30078,8,ASL,adult,1,324,kitty,0.8,ASL,0.8,response,1,0.3400000000000001,cs,0.91
30079,27,ASL,adult,0,325,doll,0.8,ASL,0.8,response,1,0.33000000000000007,cs,0.9
30004,5,ASL,adult,1,349,cookie,0.833,ASL,0.83,response,1,0.3400000000000001,cs,0.91
30007,4,ASL,adult,1,695,juice,0.833,ASL,0.83,response,1,0.3400000000000001,cs,0.91
30021,4,ASL,adult,1,694,juice,0.833,ASL,0.83,response,1,0.3400000000000001,cs,0.91
30027,12,ASL,adult,1,379,kitty,0.833,ASL,0.83,response,1,0.3400000000000001,cs,0.91
30027,32,ASL,adult,1,379,birdy,0.833,ASL,0.83,response,1,0.3400000000000001,cs,0.91
30027,36,ASL,adult,1,379,car,0.833,ASL,0.83,response,1,0.3400000000000001,cs,0.91
30059,26,ASL,adult,1,575,doll,0.833,ASL,0.83,response,1,0.3400000000000001,cs,0.91
30060,10,ASL,adult,1,246,sock,0.833,ASL,0.83,response,1,0.3400000000000001,cs,0.91
30069,3,ASL,adult,1,295,car,0.833,ASL,0.83,response,1,0.3400000000000001,cs,0.91
30069,5,ASL,adult,1,295,teddy,0.833,ASL,0.83,response,1,0.3400000000000001,cs,0.91
30079,29,ASL,adult,1,325,kitty,0.833,ASL,0.83,response,1,0.3400000000000001,cs,0.91
30081,14,ASL,adult,1,530,ball,0.833,ASL,0.83,response,1,0.3500000000000001,cs,0.92
30004,40,ASL,adult,1,349,juice,0.867,ASL,0.87,response,1,0.3500000000000001,cs,0.92
30005,34,ASL,adult,1,575,shoe,0.867,ASL,0.87,response,1,0.3500000000000001,cs,0.92
30006,3,ASL,adult,1,575,sock,0.867,ASL,0.87,response,1,0.3500000000000001,cs,0.92
30021,3,ASL,adult,1,694,sock,0.867,ASL,0.87,response,1,0.3500000000000001,cs,0.92
30021,8,ASL,adult,1,694,ball,0.867,ASL,0.87,response,1,0.3500000000000001,cs,0.92
30021,30,ASL,adult,1,694,cookie,0.867,ASL,0.87,response,1,0.3500000000000001,cs,0.92
30027,17,ASL,adult,1,379,car,0.867,ASL,0.87,response,1,0.3500000000000001,cs,0.92
30027,25,ASL,adult,1,379,kitty,0.867,ASL,0.87,response,1,0.3500000000000001,cs,0.92
30044,27,ASL,adult,1,276,doll,0.867,ASL,0.87,response,1,0.3500000000000001,cs,0.92
30069,18,ASL,adult,1,295,shoe,0.867,ASL,0.87,response,1,0.3500000000000001,cs,0.92
30078,6,ASL,adult,1,324,birdy,0.867,ASL,0.87,response,1,0.3500000000000001,cs,0.92
30081,11,ASL,adult,1,530,book,0.867,ASL,0.87,response,1,0.3600000000000001,cs,0.93
30006,14,ASL,adult,1,575,juice,0.9,ASL,0.9,response,1,0.3600000000000001,cs,0.93
30022,8,ASL,adult,1,350,ball,0.9,ASL,0.9,response,1,0.3600000000000001,cs,0.93
30027,3,ASL,adult,1,379,car,0.9,ASL,0.9,response,1,0.3600000000000001,cs,0.93
30027,6,ASL,adult,1,379,shoe,0.9,ASL,0.9,response,1,0.3600000000000001,cs,0.93
30059,27,ASL,adult,1,575,cup,0.9,ASL,0.9,response,1,0.3600000000000001,cs,0.93
30004,9,ASL,adult,1,349,birdy,0.933,ASL,0.93,response,1,0.3600000000000001,cs,0.93
30004,13,ASL,adult,1,349,cookie,0.933,ASL,0.93,response,1,0.3600000000000001,cs,0.93
30004,14,ASL,adult,1,349,juice,0.933,ASL,0.93,response,1,0.3600000000000001,cs,0.93
30006,4,ASL,adult,1,575,juice,0.933,ASL,0.93,response,1,0.3600000000000001,cs,0.93
30059,32,ASL,adult,1,575,cookie,0.933,ASL,0.93,response,1,0.3600000000000001,cs,0.93
30004,6,ASL,adult,1,349,cup,0.967,ASL,0.97,response,1,0.3600000000000001,cs,0.93
30004,11,ASL,adult,1,349,juice,0.967,ASL,0.97,response,1,0.3600000000000001,cs,0.93
30005,24,ASL,adult,1,575,cup,0.967,ASL,0.97,response,1,0.3600000000000001,cs,0.93
30006,10,ASL,adult,1,575,sock,0.967,ASL,0.97,response,1,0.3600000000000001,cs,0.93
30021,2,ASL,adult,1,694,doll,0.967,ASL,0.97,response,1,0.37,cs,0.94
30021,17,ASL,adult,1,694,kitty,0.967,ASL,0.97,response,1,0.37,cs,0.94
30021,23,ASL,adult,1,694,birdy,0.967,ASL,0.97,response,1,0.37,cs,0.94
30021,26,ASL,adult,1,694,doll,0.967,ASL,0.97,response,1,0.37,cs,0.94
30022,5,ASL,adult,1,350,cookie,0.967,ASL,0.97,response,1,0.37,cs,0.94
30027,31,ASL,adult,1,379,teddy,0.967,ASL,0.97,response,1,0.37,cs,0.94
30044,2,ASL,adult,1,276,doll,0.967,ASL,0.97,response,1,0.37,cs,0.94
30074,11,ASL,adult,1,324,book,0.967,ASL,0.97,response,1,0.37,cs,0.94
30074,14,ASL,adult,1,324,ball,0.967,ASL,0.97,response,1,0.37,cs,0.94
30081,3,ASL,adult,1,530,car,0.967,ASL,0.97,response,1,0.37,cs,0.94
30081,23,ASL,adult,1,530,teddy,0.967,ASL,0.97,response,1,0.37,cs,0.94
30004,25,ASL,adult,1,349,birdy,1,ASL,1,response,1,0.37,cs,0.94
30004,28,ASL,adult,1,349,doll,1,ASL,1,response,1,0.37,cs,0.94
30004,31,ASL,adult,1,349,ball,1,ASL,1,response,1,0.37,cs,0.94
30006,19,ASL,adult,1,575,shoe,1,ASL,1,response,1,0.37,cs,0.94
30021,12,ASL,adult,1,694,ball,1,ASL,1,response,1,0.37,cs,0.94
30021,13,ASL,adult,1,694,cookie,1,ASL,1,response,1,0.38,cs,0.95
30027,4,ASL,adult,1,379,ball,1,ASL,1,response,1,0.38,cs,0.95
30044,11,ASL,adult,1,276,book,1,ASL,1,response,1,0.38,cs,0.95
30079,20,ASL,adult,1,325,birdy,1,ASL,1,response,1,0.38,cs,0.95
30081,5,ASL,adult,1,530,teddy,1,ASL,1,response,1,0.38,cs,0.95
30004,12,ASL,adult,1,349,ball,1.033,ASL,1.03,response,1,0.38,cs,0.95
30006,26,ASL,adult,1,575,doll,1.033,ASL,1.03,response,1,0.38,cs,0.95
30021,37,ASL,adult,1,694,kitty,1.033,ASL,1.03,response,1,0.38,cs,0.95
30027,2,ASL,adult,1,379,doll,1.033,ASL,1.03,response,1,0.38,cs,0.95
30059,5,ASL,adult,1,575,cookie,1.033,ASL,1.03,response,1,0.38,cs,0.95
30059,28,ASL,adult,1,575,juice,1.033,ASL,1.03,response,1,0.38,cs,0.95
30079,3,ASL,adult,1,325,car,1.033,ASL,1.03,response,1,0.38,cs,0.95
30081,27,ASL,adult,1,530,doll,1.033,ASL,1.03,response,1,0.38,cs,0.95
30004,32,ASL,adult,1,349,cookie,1.067,ASL,1.07,response,1,0.38,cs,0.95
30004,35,ASL,adult,1,349,ball,1.067,ASL,1.07,response,1,0.38,cs,0.95
30006,21,ASL,adult,1,575,teddy,1.067,ASL,1.07,response,1,0.38,cs,0.95
30006,33,ASL,adult,1,575,ball,1.067,ASL,1.07,response,1,0.38,cs,0.95
30021,5,ASL,adult,1,694,cookie,1.067,ASL,1.07,response,1,0.38,cs,0.95
30027,21,ASL,adult,1,379,book,1.067,ASL,1.07,response,1,0.38,cs,0.95
30074,4,ASL,adult,1,324,ball,1.067,ASL,1.07,response,1,0.38,cs,0.95
30078,22,ASL,adult,1,324,ball,1.067,ASL,1.07,response,1,0.39,cs,0.96
30079,26,ASL,adult,1,325,shoe,1.067,ASL,1.07,response,1,0.39,cs,0.96
30081,35,ASL,adult,1,530,doll,1.067,ASL,1.07,response,1,0.39,cs,0.96
30005,21,ASL,adult,1,575,teddy,1.1,ASL,1.1,response,1,0.39,cs,0.96
30005,26,ASL,adult,1,575,doll,1.1,ASL,1.1,response,1,0.39,cs,0.96
30006,38,ASL,adult,1,575,shoe,1.1,ASL,1.1,response,1,0.39,cs,0.96
30021,32,ASL,adult,1,694,cookie,1.1,ASL,1.1,response,1,0.39,cs,0.96
30022,7,ASL,adult,1,350,cookie,1.1,ASL,1.1,response,1,0.39,cs,0.96
30059,7,ASL,adult,1,575,cookie,1.1,ASL,1.1,response,1,0.39,cs,0.96
30078,3,ASL,adult,1,324,car,1.1,ASL,1.1,response,1,0.39,cs,0.96
30078,4,ASL,adult,1,324,ball,1.1,ASL,1.1,response,1,0.39,cs,0.96
30081,8,ASL,adult,1,530,kitty,1.1,ASL,1.1,response,1,0.39,cs,0.96
30081,18,ASL,adult,1,530,shoe,1.1,ASL,1.1,response,1,0.39,cs,0.96
30004,21,ASL,adult,1,349,shoe,1.133,ASL,1.13,response,1,0.39,cs,0.96
30004,34,ASL,adult,1,349,cookie,1.133,ASL,1.13,response,1,0.39,cs,0.96
30005,35,ASL,adult,1,575,teddy,1.133,ASL,1.13,response,1,0.39,cs,0.96
30006,7,ASL,adult,1,575,cookie,1.133,ASL,1.13,response,1,0.39,cs,0.96
30022,21,ASL,adult,1,350,teddy,1.133,ASL,1.13,response,1,0.39,cs,0.96
30027,5,ASL,adult,1,379,teddy,1.133,ASL,1.13,response,1,0.39,cs,0.96
30027,11,ASL,adult,1,379,book,1.133,ASL,1.13,response,1,0.39,cs,0.96
30027,14,ASL,adult,1,379,ball,1.133,ASL,1.13,response,1,0.39,cs,0.96
30059,21,ASL,adult,1,575,teddy,1.133,ASL,1.13,response,1,0.39,cs,0.96
30079,35,ASL,adult,1,325,doll,1.133,ASL,1.13,response,1,0.39,cs,0.96
30004,3,ASL,adult,1,349,sock,1.167,ASL,1.17,response,1,0.39,cs,0.96
30021,9,ASL,adult,1,694,birdy,1.167,ASL,1.17,response,1,0.39,cs,0.96
30059,16,ASL,adult,1,575,shoe,1.167,ASL,1.17,response,1,0.4,cs,0.97
30004,24,ASL,adult,1,349,juice,1.2,ASL,1.2,response,1,0.4,cs,0.97
30079,13,ASL,adult,1,325,teddy,1.2,ASL,1.2,response,1,0.4,cs,0.97
30004,26,ASL,adult,1,349,cup,1.233,ASL,1.23,response,1,0.4,cs,0.97
30021,35,ASL,adult,1,694,teddy,1.233,ASL,1.23,response,1,0.4,cs,0.97
30079,24,ASL,adult,1,325,car,1.233,ASL,1.23,response,1,0.4,cs,0.97
30004,30,ASL,adult,1,349,juice,1.267,ASL,1.27,response,1,0.4,cs,0.97
30027,33,ASL,adult,1,379,book,1.267,ASL,1.27,response,1,0.4,cs,0.97
30075,14,ASL,adult,1,358,ball,1.267,ASL,1.27,response,1,0.4,cs,0.97
30006,11,ASL,adult,1,575,juice,1.3,ASL,1.3,response,1,0.4,cs,0.97
30021,21,ASL,adult,1,694,teddy,1.333,ASL,1.33,response,1,0.4,cs,0.97
30006,23,ASL,adult,1,575,birdy,1.367,ASL,1.37,response,1,0.4,cs,0.97
30006,6,ASL,adult,1,575,cup,1.4,ASL,1.4,response,1,0.4,cs,0.97
30004,39,ASL,adult,1,349,kitty,1.433,ASL,1.43,response,1,0.4,cs,0.97
30075,7,ASL,adult,1,358,book,1.433,ASL,1.43,response,1,0.4,cs,0.97
30081,24,ASL,adult,1,530,car,1.433,ASL,1.43,response,1,0.4,cs,0.97
30074,3,ASL,adult,1,324,car,1.467,ASL,1.47,response,1,0.4,cs,0.97
30079,15,ASL,adult,1,325,birdy,1.467,ASL,1.47,response,1,0.4,cs,0.97
30006,37,ASL,adult,1,575,kitty,1.5,ASL,1.5,response,1,0.4,cs,0.97
30069,2,ASL,adult,1,295,doll,1.5,ASL,1.5,response,1,0.4,cs,0.97
30075,2,ASL,adult,1,358,doll,1.5,ASL,1.5,response,1,0.4,cs,0.97
30079,9,ASL,adult,1,325,shoe,1.5,ASL,1.5,response,1,0.4,cs,0.97
30079,2,ASL,adult,0,325,doll,1.533,ASL,1.53,response,1,0.39,cs,0.96
30006,39,ASL,adult,0,575,juice,1.567,ASL,1.57,response,1,0.38,cs,0.95
30006,35,ASL,adult,1,575,teddy,1.6,ASL,1.6,response,1,0.38,cs,0.95
30078,27,ASL,adult,1,324,doll,1.6,ASL,1.6,response,1,0.38,cs,0.95
30079,22,ASL,adult,1,325,ball,1.6,ASL,1.6,response,1,0.38,cs,0.95
30004,2,ASL,adult,1,349,doll,1.633,ASL,1.63,response,1,0.38,cs,0.95
30075,11,ASL,adult,1,358,book,1.633,ASL,1.63,response,1,0.38,cs,0.95
30006,25,ASL,adult,1,575,cookie,1.667,ASL,1.67,response,1,0.39,cs,0.96
30079,14,ASL,adult,1,325,ball,1.667,ASL,1.67,response,1,0.39,cs,0.96
30006,34,ASL,adult,1,575,shoe,1.7,ASL,1.7,response,1,0.39,cs,0.96
30075,8,ASL,adult,1,358,kitty,1.7,ASL,1.7,response,1,0.39,cs,0.96
30006,27,ASL,adult,1,575,cup,1.733,ASL,1.73,response,1,0.39,cs,0.96
30022,11,ASL,adult,1,350,juice,1.733,ASL,1.73,response,1,0.39,cs,0.96
30069,14,ASL,adult,1,295,ball,1.733,ASL,1.73,response,1,0.39,cs,0.96
30004,10,ASL,adult,1,349,sock,1.8,ASL,1.8,response,1,0.39,cs,0.96
30004,22,ASL,adult,1,349,sock,1.833,ASL,1.83,response,1,0.39,cs,0.96
30079,12,ASL,adult,1,325,kitty,1.833,ASL,1.83,response,1,0.39,cs,0.96
30079,17,ASL,adult,1,325,car,1.833,ASL,1.83,response,1,0.39,cs,0.96
30004,29,ASL,adult,1,349,cup,1.867,ASL,1.87,response,1,0.39,cs,0.96
30006,32,ASL,adult,1,575,cookie,1.867,ASL,1.87,response,1,0.39,cs,0.96
30074,2,ASL,adult,1,324,doll,1.9,ASL,1.9,response,1,0.39,cs,0.96
30079,7,ASL,adult,1,325,book,1.9,ASL,1.9,response,1,0.39,cs,0.96
30004,15,ASL,adult,1,349,cup,1.933,ASL,1.93,response,1,0.39,cs,0.96
30022,20,ASL,adult,1,350,sock,1.933,ASL,1.93,response,1,0.39,cs,0.96
30079,8,ASL,adult,1,325,kitty,2,ASL,2,response,1,0.39,cs,0.96
30079,18,ASL,adult,1,325,shoe,2,ASL,2,response,1,0.39,cs,0.96
30081,2,ASL,adult,1,530,doll,2.067,ASL,2.07,response,1,0.39,cs,0.96
30079,11,ASL,adult,1,325,book,2.167,ASL,2.17,response,1,0.39,cs,0.96
30006,12,ASL,adult,1,575,ball,2.2,ASL,2.2,response,1,0.39,cs,0.96
30005,25,ASL,adult,1,575,cookie,2.233,ASL,2.23,response,1,0.39,cs,0.96
30079,21,ASL,adult,1,325,book,2.3,ASL,2.3,response,1,0.39,cs,0.96
30079,5,ASL,adult,1,325,teddy,2.333,ASL,2.33,response,1,0.39,cs,0.96
30004,16,ASL,adult,1,349,juice,2.367,ASL,2.37,response,1,0.4,cs,0.97
30078,25,ASL,adult,1,324,kitty,2.367,ASL,2.37,response,1,0.4,cs,0.97
30069,4,ASL,adult,1,295,ball,2.5,ASL,2.5,response,1,0.4,cs,0.97
30006,17,ASL,adult,1,575,kitty,2.633,ASL,2.63,response,1,0.4,cs,0.97
30006,5,ASL,adult,1,575,cookie,2.7,ASL,2.7,response,1,0.4,cs,0.97
30006,9,ASL,adult,0,575,birdy,2.9,ASL,2.9,response,1,0.39,cs,0.96
7,2,Bullseye,adult,1,20,shoe,0.033,Bullseye,0.03,guess,0,0.010000000000000009,cs,0.5
7,14,Bullseye,adult,0,20,shoe,0.033,Bullseye,0.03,guess,0,0.010000000000000009,cs,0.5
4,3,Bullseye,adult,0,20,juice,0.033,Bullseye,0.03,guess,0,0.030000000000000027,cs,0.49
4,23,Bullseye,adult,0,20,juice,0.067,Bullseye,0.07,guess,0,0.030000000000000027,cs,0.49
1,6,Bullseye,adult,0,20,ball,0.067,Bullseye,0.07,guess,0,0.030000000000000027,cs,0.49
1,26,Bullseye,adult,0,20,banana,0.1,Bullseye,0.1,guess,0,0.040000000000000036,cs,0.48
4,16,Bullseye,adult,0,20,ball,0.133,Bullseye,0.13,guess,0,0.050000000000000044,cs,0.48
4,25,Bullseye,adult,1,20,cookie,0.133,Bullseye,0.13,guess,0,0.050000000000000044,cs,0.48
4,10,Bullseye,adult,1,20,book,0.167,Bullseye,0.17,guess,0,0.040000000000000036,cs,0.49
4,15,Bullseye,adult,1,20,banana,0.167,Bullseye,0.17,guess,0,0.040000000000000036,cs,0.49
1,9,Bullseye,adult,1,20,cookie,0.167,Bullseye,0.17,guess,0,0.030000000000000027,cs,0.5
1,22,Bullseye,adult,0,20,shoe,0.167,Bullseye,0.17,guess,0,0.040000000000000036,cs,0.49
4,9,Bullseye,adult,1,20,juice,0.2,Bullseye,0.2,guess,0,0.030000000000000027,cs,0.5
4,14,Bullseye,adult,1,20,shoe,0.2,Bullseye,0.2,guess,0,0.040000000000000036,cs,0.5
4,17,Bullseye,adult,1,20,juice,0.2,Bullseye,0.2,guess,0,0.030000000000000027,cs,0.51
3,23,Bullseye,adult,1,19,juice,0.2,Bullseye,0.2,guess,0,0.030000000000000027,cs,0.51
1,29,Bullseye,adult,1,20,book,0.2,Bullseye,0.2,guess,0,0.020000000000000018,cs,0.52
1,32,Bullseye,adult,0,20,shoe,0.2,Bullseye,0.2,guess,0,0.030000000000000027,cs,0.51
5,8,Bullseye,adult,1,20,shoe,0.233,Bullseye,0.23,guess,0,0.020000000000000018,cs,0.52
5,10,Bullseye,adult,1,20,book,0.233,Bullseye,0.23,guess,0,0.020000000000000018,cs,0.52
5,17,Bullseye,adult,1,20,ball,0.233,Bullseye,0.23,guess,0,0.010000000000000009,cs,0.53
4,8,Bullseye,adult,1,20,banana,0.233,Bullseye,0.23,guess,0,0.010000000000000009,cs,0.53
4,13,Bullseye,adult,1,20,cookie,0.233,Bullseye,0.23,guess,0,0.010000000000000009,cs,0.53
4,22,Bullseye,adult,1,20,banana,0.233,Bullseye,0.23,guess,0,0,cs,0.54
4,24,Bullseye,adult,1,20,book,0.233,Bullseye,0.23,guess,0,0,cs,0.54
3,32,Bullseye,adult,1,19,shoe,0.233,Bullseye,0.23,guess,0,0,cs,0.55
2,10,Bullseye,adult,0,19,book,0.233,Bullseye,0.23,guess,0,0.010000000000000009,cs,0.54
1,17,Bullseye,adult,1,20,ball,0.233,Bullseye,0.23,guess,0,0,cs,0.55
1,25,Bullseye,adult,1,20,juice,0.233,Bullseye,0.23,guess,0,0,cs,0.55
4,12,Bullseye,adult,1,20,shoe,0.267,Bullseye,0.27,response,1,0.010000000000000009,cs,0.56
3,3,Bullseye,adult,0,19,juice,0.267,Bullseye,0.27,guess,0,0,cs,0.55
3,10,Bullseye,adult,1,19,book,0.267,Bullseye,0.27,response,1,0.010000000000000009,cs,0.56
3,11,Bullseye,adult,1,19,ball,0.267,Bullseye,0.27,response,1,0.010000000000000009,cs,0.56
1,30,Bullseye,adult,1,20,banana,0.267,Bullseye,0.27,response,1,0.010000000000000009,cs,0.56
7,9,Bullseye,adult,1,20,juice,0.3,Bullseye,0.3,response,1,0.019999999999999907,cs,0.57
7,12,Bullseye,adult,1,20,shoe,0.3,Bullseye,0.3,response,1,0.019999999999999907,cs,0.57
7,13,Bullseye,adult,1,20,cookie,0.3,Bullseye,0.3,response,1,0.029999999999999916,cs,0.58
5,3,Bullseye,adult,1,20,banana,0.3,Bullseye,0.3,response,1,0.029999999999999916,cs,0.58
5,14,Bullseye,adult,1,20,book,0.3,Bullseye,0.3,response,1,0.039999999999999925,cs,0.59
4,2,Bullseye,adult,1,20,shoe,0.3,Bullseye,0.3,response,1,0.039999999999999925,cs,0.59
4,19,Bullseye,adult,1,20,cookie,0.3,Bullseye,0.3,response,1,0.039999999999999925,cs,0.59
3,26,Bullseye,adult,1,19,shoe,0.3,Bullseye,0.3,response,1,0.04999999999999993,cs,0.6
3,28,Bullseye,adult,0,19,ball,0.3,Bullseye,0.3,response,1,0.039999999999999925,cs,0.59
2,4,Bullseye,adult,1,19,book,0.3,Bullseye,0.3,response,1,0.04999999999999993,cs,0.6
7,22,Bullseye,adult,1,20,banana,0.333,Bullseye,0.33,response,1,0.04999999999999993,cs,0.6
5,9,Bullseye,adult,1,20,cookie,0.333,Bullseye,0.33,response,1,0.039999999999999925,cs,0.6
5,11,Bullseye,adult,1,20,juice,0.333,Bullseye,0.33,response,1,0.04999999999999993,cs,0.61
4,11,Bullseye,adult,0,20,ball,0.333,Bullseye,0.33,response,1,0.039999999999999925,cs,0.6
4,21,Bullseye,adult,1,20,ball,0.333,Bullseye,0.33,response,1,0.04999999999999993,cs,0.61
3,17,Bullseye,adult,1,19,juice,0.333,Bullseye,0.33,response,1,0.04999999999999993,cs,0.61
2,26,Bullseye,adult,0,19,banana,0.333,Bullseye,0.33,response,1,0.039999999999999925,cs,0.6
1,10,Bullseye,adult,1,20,book,0.333,Bullseye,0.33,response,1,0.04999999999999993,cs,0.61
1,12,Bullseye,adult,1,20,banana,0.333,Bullseye,0.33,response,1,0.04999999999999993,cs,0.61
5,13,Bullseye,adult,1,20,ball,0.367,Bullseye,0.37,response,1,0.05999999999999994,cs,0.62
3,4,Bullseye,adult,1,19,banana,0.367,Bullseye,0.37,response,1,0.05999999999999994,cs,0.62
3,13,Bullseye,adult,1,19,cookie,0.367,Bullseye,0.37,response,1,0.05999999999999994,cs,0.62
3,20,Bullseye,adult,1,19,book,0.367,Bullseye,0.37,response,1,0.06999999999999995,cs,0.63
3,24,Bullseye,adult,1,19,book,0.367,Bullseye,0.37,response,1,0.06999999999999995,cs,0.63
3,25,Bullseye,adult,1,19,cookie,0.367,Bullseye,0.37,response,1,0.06999999999999995,cs,0.63
3,29,Bullseye,adult,1,19,cookie,0.367,Bullseye,0.37,response,1,0.07999999999999996,cs,0.64
3,30,Bullseye,adult,1,19,book,0.367,Bullseye,0.37,response,1,0.07999999999999996,cs,0.64
5,16,Bullseye,adult,1,20,juice,0.4,Bullseye,0.4,response,1,0.08999999999999997,cs,0.65
3,7,Bullseye,adult,1,19,cookie,0.4,Bullseye,0.4,response,1,0.08999999999999997,cs,0.65
3,31,Bullseye,adult,1,19,banana,0.4,Bullseye,0.4,response,1,0.08999999999999997,cs,0.65
1,20,Bullseye,adult,1,20,shoe,0.4,Bullseye,0.4,response,1,0.09999999999999998,cs,0.66
5,19,Bullseye,adult,1,20,banana,0.433,Bullseye,0.43,response,1,0.09999999999999998,cs,0.66
3,12,Bullseye,adult,1,19,shoe,0.433,Bullseye,0.43,response,1,0.09999999999999998,cs,0.66
5,6,Bullseye,adult,0,20,ball,0.467,Bullseye,0.47,response,1,0.09999999999999998,cs,0.66
5,15,Bullseye,adult,1,20,cookie,0.467,Bullseye,0.47,response,1,0.09999999999999998,cs,0.66
4,7,Bullseye,adult,1,20,cookie,0.467,Bullseye,0.47,response,1,0.09999999999999998,cs,0.66
3,8,Bullseye,adult,1,19,banana,0.467,Bullseye,0.47,response,1,0.10999999999999999,cs,0.67
3,9,Bullseye,adult,1,19,juice,0.467,Bullseye,0.47,response,1,0.10999999999999999,cs,0.67
2,3,Bullseye,adult,1,19,banana,0.467,Bullseye,0.47,response,1,0.10999999999999999,cs,0.67
5,4,Bullseye,adult,1,20,book,0.5,Bullseye,0.5,response,1,0.12,cs,0.68
4,5,Bullseye,adult,1,20,book,0.5,Bullseye,0.5,response,1,0.12,cs,0.68
4,6,Bullseye,adult,1,20,ball,0.5,Bullseye,0.5,response,1,0.12,cs,0.68
3,6,Bullseye,adult,1,19,ball,0.5,Bullseye,0.5,response,1,0.1299999999999999,cs,0.69
3,15,Bullseye,adult,1,19,banana,0.533,Bullseye,0.53,response,1,0.1299999999999999,cs,0.69
2,12,Bullseye,adult,1,19,banana,0.667,Bullseye,0.67,response,1,0.1299999999999999,cs,0.69
2,20,Bullseye,adult,1,19,shoe,0.833,Bullseye,0.83,response,1,0.1399999999999999,cs,0.7
2,2,Bullseye,adult,1,19,shoe,0.867,Bullseye,0.87,response,1,0.1399999999999999,cs,0.7
2,17,Bullseye,adult,1,19,ball,1.733,Bullseye,1.73,response,1,0.1399999999999999,cs,0.7
2,6,Bullseye,adult,1,19,ball,2.133,Bullseye,2.13,response,1,0.1399999999999999,cs,0.7
2,31,Bullseye,adult,0,19,juice,2.167,Bullseye,2.17,response,1,0.1399999999999999,cs,0.7
30069,29,ASL,adult,1,295,kitty,0.033,ASL,0.03,guess,0,0.010000000000000009,ucl,0.51
30074,20,ASL,adult,1,324,birdy,0.033,ASL,0.03,guess,0,0,ucl,0.51
30074,34,ASL,adult,1,324,car,0.033,ASL,0.03,guess,0,0.010000000000000009,ucl,0.52
30075,30,ASL,adult,1,358,teddy,0.033,ASL,0.03,guess,0,0,ucl,0.52
30069,36,ASL,adult,1,295,ball,0.067,ASL,0.07,guess,0,0,ucl,0.52
30074,15,ASL,adult,1,324,birdy,0.067,ASL,0.07,response,1,0.010000000000000009,ucl,0.52
30075,29,ASL,adult,1,358,kitty,0.067,ASL,0.07,guess,0,0,ucl,0.53
30075,31,ASL,adult,1,358,birdy,0.067,ASL,0.07,response,1,0.010000000000000009,ucl,0.53
30022,24,ASL,adult,1,350,cup,0.1,ASL,0.1,response,1,0.010000000000000009,ucl,0.53
30069,21,ASL,adult,1,295,book,0.1,ASL,0.1,response,1,0.020000000000000018,ucl,0.53
30069,26,ASL,adult,1,295,shoe,0.1,ASL,0.1,response,1,0.020000000000000018,ucl,0.53
30074,35,ASL,adult,1,324,doll,0.1,ASL,0.1,response,1,0.030000000000000027,ucl,0.53
30075,15,ASL,adult,1,358,birdy,0.1,ASL,0.1,response,1,0.030000000000000027,ucl,0.53
30059,10,ASL,adult,1,575,sock,0.133,ASL,0.13,response,1,0.029999999999999916,ucl,0.54
30069,23,ASL,adult,1,295,teddy,0.133,ASL,0.13,response,1,0.029999999999999916,ucl,0.54
30074,33,ASL,adult,1,324,shoe,0.133,ASL,0.13,response,1,0.029999999999999916,ucl,0.54
30059,34,ASL,adult,1,575,shoe,0.167,ASL,0.17,response,1,0.039999999999999925,ucl,0.54
30060,33,ASL,adult,1,246,ball,0.167,ASL,0.17,response,1,0.039999999999999925,ucl,0.54
30069,7,ASL,adult,1,295,book,0.167,ASL,0.17,response,1,0.04999999999999993,ucl,0.54
30069,20,ASL,adult,1,295,birdy,0.167,ASL,0.17,response,1,0.04999999999999993,ucl,0.54
30074,25,ASL,adult,1,324,kitty,0.167,ASL,0.17,response,1,0.05999999999999994,ucl,0.54
30075,33,ASL,adult,1,358,shoe,0.167,ASL,0.17,response,1,0.05999999999999994,ucl,0.54
30075,34,ASL,adult,1,358,car,0.167,ASL,0.17,response,1,0.05999999999999994,ucl,0.54
30078,34,ASL,adult,1,324,car,0.167,ASL,0.17,response,1,0.06999999999999995,ucl,0.54
30081,31,ASL,adult,1,530,birdy,0.167,ASL,0.17,response,1,0.06999999999999995,ucl,0.54
30007,10,ASL,adult,1,695,sock,0.2,ASL,0.2,response,1,0.05999999999999994,ucl,0.55
30007,27,ASL,adult,1,695,cup,0.2,ASL,0.2,response,1,0.06999999999999995,ucl,0.55
30044,34,ASL,adult,1,276,shoe,0.2,ASL,0.2,response,1,0.06999999999999995,ucl,0.55
30069,30,ASL,adult,1,295,teddy,0.2,ASL,0.2,response,1,0.07999999999999996,ucl,0.55
30069,31,ASL,adult,1,295,birdy,0.2,ASL,0.2,response,1,0.07999999999999996,ucl,0.55
30069,35,ASL,adult,1,295,doll,0.2,ASL,0.2,response,1,0.07999999999999996,ucl,0.55
30074,7,ASL,adult,0,324,book,0.2,ASL,0.2,response,1,0.07999999999999996,ucl,0.55
30075,20,ASL,adult,1,358,birdy,0.2,ASL,0.2,response,1,0.07999999999999996,ucl,0.55
30075,24,ASL,adult,1,358,car,0.2,ASL,0.2,response,1,0.07999999999999996,ucl,0.55
30078,35,ASL,adult,1,324,doll,0.2,ASL,0.2,response,1,0.08999999999999997,ucl,0.55
30081,20,ASL,adult,1,530,birdy,0.2,ASL,0.2,response,1,0.08999999999999997,ucl,0.55
30004,8,ASL,adult,1,349,ball,0.233,ASL,0.23,response,1,0.09999999999999998,ucl,0.55
30006,29,ASL,adult,1,575,ball,0.233,ASL,0.23,response,1,0.09999999999999998,ucl,0.55
30007,20,ASL,adult,1,695,sock,0.233,ASL,0.23,response,1,0.09999999999999998,ucl,0.55
30060,38,ASL,adult,1,246,shoe,0.233,ASL,0.23,response,1,0.10999999999999999,ucl,0.55
30069,12,ASL,adult,1,295,kitty,0.233,ASL,0.23,response,1,0.10999999999999999,ucl,0.55
30069,15,ASL,adult,1,295,birdy,0.233,ASL,0.23,response,1,0.10999999999999999,ucl,0.55
30069,27,ASL,adult,1,295,doll,0.233,ASL,0.23,response,1,0.12,ucl,0.55
30074,29,ASL,adult,1,324,kitty,0.233,ASL,0.23,response,1,0.12,ucl,0.55
30075,21,ASL,adult,1,358,book,0.233,ASL,0.23,response,1,0.12,ucl,0.55
30081,21,ASL,adult,1,530,book,0.233,ASL,0.23,response,1,0.12,ucl,0.56
30081,33,ASL,adult,1,530,shoe,0.233,ASL,0.23,response,1,0.12,ucl,0.56
30081,34,ASL,adult,1,530,car,0.233,ASL,0.23,response,1,0.12,ucl,0.56
30007,12,ASL,adult,1,695,ball,0.267,ASL,0.27,response,1,0.1299999999999999,ucl,0.56
30007,19,ASL,adult,1,695,shoe,0.267,ASL,0.27,response,1,0.1299999999999999,ucl,0.56
30007,24,ASL,adult,1,695,cup,0.267,ASL,0.27,response,1,0.1299999999999999,ucl,0.56
30007,26,ASL,adult,1,695,doll,0.267,ASL,0.27,response,1,0.1399999999999999,ucl,0.56
30044,26,ASL,adult,1,276,shoe,0.267,ASL,0.27,response,1,0.1399999999999999,ucl,0.56
30044,32,ASL,adult,1,276,birdy,0.267,ASL,0.27,response,1,0.1399999999999999,ucl,0.56
30060,16,ASL,adult,1,246,shoe,0.267,ASL,0.27,response,1,0.1399999999999999,ucl,0.56
30069,9,ASL,adult,1,295,shoe,0.267,ASL,0.27,response,1,0.1499999999999999,ucl,0.56
30069,13,ASL,adult,1,295,teddy,0.267,ASL,0.27,response,1,0.1499999999999999,ucl,0.56
30069,24,ASL,adult,1,295,car,0.267,ASL,0.27,response,1,0.1499999999999999,ucl,0.56
30074,12,ASL,adult,1,324,kitty,0.267,ASL,0.27,response,1,0.15999999999999992,ucl,0.56
30007,15,ASL,adult,1,695,cup,0.3,ASL,0.3,response,1,0.15999999999999992,ucl,0.56
30007,16,ASL,adult,1,695,shoe,0.3,ASL,0.3,response,1,0.15999999999999992,ucl,0.56
30007,23,ASL,adult,1,695,birdy,0.3,ASL,0.3,response,1,0.15999999999999992,ucl,0.56
30059,33,ASL,adult,1,575,ball,0.3,ASL,0.3,response,1,0.16999999999999993,ucl,0.56
30060,29,ASL,adult,1,246,ball,0.3,ASL,0.3,response,1,0.16999999999999993,ucl,0.56
30060,36,ASL,adult,1,246,sock,0.3,ASL,0.3,response,1,0.16999999999999993,ucl,0.56
30075,4,ASL,adult,1,358,ball,0.3,ASL,0.3,response,1,0.17999999999999994,ucl,0.56
30075,27,ASL,adult,1,358,doll,0.3,ASL,0.3,response,1,0.17999999999999994,ucl,0.56
30079,31,ASL,adult,1,325,birdy,0.3,ASL,0.3,response,1,0.17999999999999994,ucl,0.56
30081,16,ASL,adult,1,530,doll,0.3,ASL,0.3,response,1,0.17999999999999994,ucl,0.56
30005,28,ASL,adult,1,575,juice,0.333,ASL,0.33,response,1,0.18999999999999995,ucl,0.56
30007,6,ASL,adult,1,695,cup,0.333,ASL,0.33,response,1,0.18999999999999995,ucl,0.56
30022,12,ASL,adult,1,350,ball,0.333,ASL,0.33,response,1,0.18999999999999995,ucl,0.56
30059,25,ASL,adult,1,575,cookie,0.333,ASL,0.33,response,1,0.18999999999999995,ucl,0.56
30060,12,ASL,adult,1,246,ball,0.333,ASL,0.33,response,1,0.19999999999999996,ucl,0.56
30069,6,ASL,adult,0,295,birdy,0.333,ASL,0.33,response,1,0.18999999999999995,ucl,0.56
30074,13,ASL,adult,1,324,teddy,0.333,ASL,0.33,response,1,0.18999999999999995,ucl,0.56
30075,17,ASL,adult,1,358,car,0.333,ASL,0.33,response,1,0.18999999999999995,ucl,0.56
30078,23,ASL,adult,1,324,teddy,0.333,ASL,0.33,response,1,0.19999999999999996,ucl,0.56
30081,22,ASL,adult,1,530,ball,0.333,ASL,0.33,response,1,0.19999999999999996,ucl,0.56
30081,29,ASL,adult,1,530,kitty,0.333,ASL,0.33,response,1,0.19999999999999996,ucl,0.56
30081,30,ASL,adult,1,530,teddy,0.333,ASL,0.33,response,1,0.19999999999999996,ucl,0.56
30081,32,ASL,adult,1,530,book,0.333,ASL,0.33,response,1,0.20999999999999996,ucl,0.56
30005,36,ASL,adult,1,575,sock,0.367,ASL,0.37,response,1,0.20999999999999996,ucl,0.56
30005,38,ASL,adult,1,575,shoe,0.367,ASL,0.37,response,1,0.20999999999999996,ucl,0.56
30007,17,ASL,adult,1,695,kitty,0.367,ASL,0.37,response,1,0.20999999999999996,ucl,0.56
30044,13,ASL,adult,1,276,teddy,0.367,ASL,0.37,response,1,0.20999999999999996,ucl,0.56
30044,15,ASL,adult,1,276,birdy,0.367,ASL,0.37,response,1,0.21999999999999997,ucl,0.56
30044,23,ASL,adult,1,276,teddy,0.367,ASL,0.37,response,1,0.21999999999999997,ucl,0.56
30059,29,ASL,adult,1,575,ball,0.367,ASL,0.37,response,1,0.21999999999999997,ucl,0.56
30060,8,ASL,adult,1,246,ball,0.367,ASL,0.37,response,1,0.21999999999999997,ucl,0.56
30060,27,ASL,adult,1,246,cup,0.367,ASL,0.37,response,1,0.22999999999999998,ucl,0.56
30074,24,ASL,adult,1,324,car,0.367,ASL,0.37,response,1,0.22000000000000008,ucl,0.57
30074,31,ASL,adult,1,324,birdy,0.367,ASL,0.37,response,1,0.22000000000000008,ucl,0.57
30078,21,ASL,adult,1,324,book,0.367,ASL,0.37,response,1,0.22000000000000008,ucl,0.57
30078,30,ASL,adult,1,324,teddy,0.367,ASL,0.37,response,1,0.22000000000000008,ucl,0.57
30078,32,ASL,adult,1,324,book,0.367,ASL,0.37,response,1,0.2300000000000001,ucl,0.57
30079,23,ASL,adult,1,325,teddy,0.367,ASL,0.37,response,1,0.2300000000000001,ucl,0.57
30081,12,ASL,adult,1,530,kitty,0.367,ASL,0.37,response,1,0.2300000000000001,ucl,0.57
30081,17,ASL,adult,1,530,car,0.367,ASL,0.37,response,1,0.2300000000000001,ucl,0.57
30005,10,ASL,adult,1,575,sock,0.4,ASL,0.4,response,1,0.2300000000000001,ucl,0.57
30005,30,ASL,adult,1,575,cookie,0.4,ASL,0.4,response,1,0.2400000000000001,ucl,0.57
30006,15,ASL,adult,1,575,cup,0.4,ASL,0.4,response,1,0.2400000000000001,ucl,0.57
30007,3,ASL,adult,1,695,sock,0.4,ASL,0.4,response,1,0.2400000000000001,ucl,0.57
30007,8,ASL,adult,1,695,ball,0.4,ASL,0.4,response,1,0.2400000000000001,ucl,0.57
30007,9,ASL,adult,1,695,birdy,0.4,ASL,0.4,response,1,0.2400000000000001,ucl,0.57
30007,25,ASL,adult,1,695,cookie,0.4,ASL,0.4,response,1,0.25,ucl,0.57
30022,15,ASL,adult,1,350,cup,0.4,ASL,0.4,response,1,0.25,ucl,0.57
30027,15,ASL,adult,1,379,birdy,0.4,ASL,0.4,response,1,0.25,ucl,0.57
30044,25,ASL,adult,1,276,kitty,0.4,ASL,0.4,response,1,0.25,ucl,0.57
30044,30,ASL,adult,1,276,ball,0.4,ASL,0.4,response,1,0.25,ucl,0.57
30074,18,ASL,adult,1,324,shoe,0.4,ASL,0.4,response,1,0.25,ucl,0.57
30074,22,ASL,adult,1,324,ball,0.4,ASL,0.4,response,1,0.26,ucl,0.57
30074,26,ASL,adult,1,324,shoe,0.4,ASL,0.4,response,1,0.26,ucl,0.57
30081,15,ASL,adult,1,530,birdy,0.4,ASL,0.4,response,1,0.26,ucl,0.57
30005,27,ASL,adult,1,575,cup,0.433,ASL,0.43,response,1,0.26,ucl,0.57
30006,8,ASL,adult,1,575,ball,0.433,ASL,0.43,response,1,0.26,ucl,0.57
30022,22,ASL,adult,1,350,juice,0.433,ASL,0.43,response,1,0.26,ucl,0.57
30022,23,ASL,adult,1,350,birdy,0.433,ASL,0.43,response,1,0.27,ucl,0.57
30044,33,ASL,adult,1,276,book,0.433,ASL,0.43,response,1,0.27,ucl,0.57
30060,28,ASL,adult,1,246,juice,0.433,ASL,0.43,response,1,0.27,ucl,0.57
30060,34,ASL,adult,1,246,shoe,0.433,ASL,0.43,response,1,0.27,ucl,0.57
30060,37,ASL,adult,0,246,kitty,0.433,ASL,0.43,response,1,0.26,ucl,0.57
30069,33,ASL,adult,1,295,shoe,0.433,ASL,0.43,response,1,0.26,ucl,0.57
30074,5,ASL,adult,1,324,teddy,0.433,ASL,0.43,response,1,0.27,ucl,0.57
30075,12,ASL,adult,1,358,kitty,0.433,ASL,0.43,response,1,0.27,ucl,0.57
30078,29,ASL,adult,1,324,kitty,0.433,ASL,0.43,response,1,0.27,ucl,0.57
30078,31,ASL,adult,1,324,birdy,0.433,ASL,0.43,response,1,0.27,ucl,0.57
30079,32,ASL,adult,1,325,book,0.433,ASL,0.43,response,1,0.27,ucl,0.57
30079,34,ASL,adult,1,325,car,0.433,ASL,0.43,response,1,0.27,ucl,0.57
30081,26,ASL,adult,1,530,shoe,0.433,ASL,0.43,response,1,0.28,ucl,0.57
30007,11,ASL,adult,1,695,juice,0.467,ASL,0.47,response,1,0.28,ucl,0.57
30007,28,ASL,adult,1,695,juice,0.467,ASL,0.47,response,1,0.28,ucl,0.57
30022,3,ASL,adult,1,350,sock,0.467,ASL,0.47,response,1,0.28,ucl,0.57
30027,26,ASL,adult,1,379,shoe,0.467,ASL,0.47,response,1,0.28,ucl,0.57
30044,8,ASL,adult,1,276,book,0.467,ASL,0.47,response,1,0.28,ucl,0.57
30059,11,ASL,adult,1,575,juice,0.467,ASL,0.47,response,1,0.28,ucl,0.57
30059,15,ASL,adult,1,575,cup,0.467,ASL,0.47,response,1,0.29000000000000004,ucl,0.57
30059,24,ASL,adult,1,575,cup,0.467,ASL,0.47,response,1,0.29000000000000004,ucl,0.57
30060,5,ASL,adult,1,246,cookie,0.467,ASL,0.47,response,1,0.29000000000000004,ucl,0.57
30060,24,ASL,adult,1,246,cup,0.467,ASL,0.47,response,1,0.29000000000000004,ucl,0.57
30069,22,ASL,adult,1,295,ball,0.467,ASL,0.47,response,1,0.29000000000000004,ucl,0.57
30074,17,ASL,adult,1,324,car,0.467,ASL,0.47,response,1,0.29000000000000004,ucl,0.57
30078,16,ASL,adult,1,324,doll,0.467,ASL,0.47,response,1,0.29000000000000004,ucl,0.57
30078,20,ASL,adult,1,324,birdy,0.467,ASL,0.47,response,1,0.30000000000000004,ucl,0.57
30079,30,ASL,adult,1,325,teddy,0.467,ASL,0.47,response,1,0.30000000000000004,ucl,0.57
30081,36,ASL,adult,1,530,ball,0.467,ASL,0.47,response,1,0.30000000000000004,ucl,0.57
30044,5,ASL,adult,1,276,teddy,0.5,ASL,0.5,response,1,0.30000000000000004,ucl,0.57
30044,7,ASL,adult,1,276,birdy,0.5,ASL,0.5,response,1,0.30000000000000004,ucl,0.57
30044,9,ASL,adult,1,276,kitty,0.5,ASL,0.5,response,1,0.30000000000000004,ucl,0.57
30044,22,ASL,adult,1,276,ball,0.5,ASL,0.5,response,1,0.30000000000000004,ucl,0.57
30044,24,ASL,adult,1,276,car,0.5,ASL,0.5,response,1,0.31000000000000005,ucl,0.57
30059,8,ASL,adult,1,575,ball,0.5,ASL,0.5,response,1,0.31000000000000005,ucl,0.57
30059,12,ASL,adult,1,575,ball,0.5,ASL,0.5,response,1,0.31000000000000005,ucl,0.57
30060,32,ASL,adult,1,246,cookie,0.5,ASL,0.5,response,1,0.31000000000000005,ucl,0.57
30060,39,ASL,adult,1,246,juice,0.5,ASL,0.5,response,1,0.31000000000000005,ucl,0.57
30074,32,ASL,adult,1,324,book,0.5,ASL,0.5,response,1,0.31000000000000005,ucl,0.57
30075,5,ASL,adult,1,358,teddy,0.5,ASL,0.5,response,1,0.31000000000000005,ucl,0.57
30078,12,ASL,adult,1,324,kitty,0.5,ASL,0.5,response,1,0.31000000000000005,ucl,0.57
30078,26,ASL,adult,1,324,shoe,0.5,ASL,0.5,response,1,0.31000000000000005,ucl,0.57
30081,7,ASL,adult,1,530,book,0.5,ASL,0.5,response,1,0.32000000000000006,ucl,0.57
30005,7,ASL,adult,1,575,cookie,0.533,ASL,0.53,response,1,0.32000000000000006,ucl,0.57
30005,37,ASL,adult,0,575,kitty,0.533,ASL,0.53,response,1,0.31000000000000005,ucl,0.57
30007,21,ASL,adult,1,695,teddy,0.533,ASL,0.53,response,1,0.31000000000000005,ucl,0.57
30021,29,ASL,adult,1,694,ball,0.533,ASL,0.53,response,1,0.31000000000000005,ucl,0.57
30027,9,ASL,adult,1,379,kitty,0.533,ASL,0.53,response,1,0.31000000000000005,ucl,0.57
30044,4,ASL,adult,1,276,ball,0.533,ASL,0.53,response,1,0.31000000000000005,ucl,0.57
30044,14,ASL,adult,1,276,ball,0.533,ASL,0.53,response,1,0.31000000000000005,ucl,0.57
30044,20,ASL,adult,1,276,birdy,0.533,ASL,0.53,response,1,0.32000000000000006,ucl,0.57
30044,31,ASL,adult,1,276,teddy,0.533,ASL,0.53,response,1,0.32000000000000006,ucl,0.57
30044,35,ASL,adult,1,276,doll,0.533,ASL,0.53,response,1,0.32000000000000006,ucl,0.57
30044,36,ASL,adult,1,276,car,0.533,ASL,0.53,response,1,0.32000000000000006,ucl,0.57
30059,38,ASL,adult,1,575,shoe,0.533,ASL,0.53,response,1,0.32000000000000006,ucl,0.57
30060,11,ASL,adult,1,246,juice,0.533,ASL,0.53,response,1,0.32000000000000006,ucl,0.57
30074,30,ASL,adult,1,324,teddy,0.533,ASL,0.53,response,1,0.32000000000000006,ucl,0.57
30075,22,ASL,adult,1,358,ball,0.533,ASL,0.53,response,1,0.32000000000000006,ucl,0.57
30078,33,ASL,adult,1,324,shoe,0.533,ASL,0.53,response,1,0.32000000000000006,ucl,0.57
30081,6,ASL,adult,1,530,birdy,0.533,ASL,0.53,response,1,0.33000000000000007,ucl,0.57
30004,19,ASL,adult,1,349,kitty,0.567,ASL,0.57,response,1,0.33000000000000007,ucl,0.57
30005,13,ASL,adult,1,575,cookie,0.567,ASL,0.57,response,1,0.33000000000000007,ucl,0.57
30007,5,ASL,adult,1,695,cookie,0.567,ASL,0.57,response,1,0.33000000000000007,ucl,0.57
30007,22,ASL,adult,1,695,juice,0.567,ASL,0.57,response,1,0.33000000000000007,ucl,0.57
30021,27,ASL,adult,1,694,cup,0.567,ASL,0.57,response,1,0.33000000000000007,ucl,0.57
30044,17,ASL,adult,1,276,car,0.567,ASL,0.57,response,1,0.33000000000000007,ucl,0.57
30059,19,ASL,adult,1,575,shoe,0.567,ASL,0.57,response,1,0.33000000000000007,ucl,0.57
30059,22,ASL,adult,1,575,juice,0.567,ASL,0.57,response,1,0.33000000000000007,ucl,0.57
30060,6,ASL,adult,1,246,cup,0.567,ASL,0.57,response,1,0.33000000000000007,ucl,0.57
30060,19,ASL,adult,1,246,shoe,0.567,ASL,0.57,response,1,0.3400000000000001,ucl,0.57
30060,22,ASL,adult,1,246,juice,0.567,ASL,0.57,response,1,0.3400000000000001,ucl,0.57
30069,17,ASL,adult,1,295,car,0.567,ASL,0.57,response,1,0.3400000000000001,ucl,0.57
30075,16,ASL,adult,1,358,doll,0.567,ASL,0.57,response,1,0.3400000000000001,ucl,0.57
30078,13,ASL,adult,1,324,teddy,0.567,ASL,0.57,response,1,0.3400000000000001,ucl,0.57
30078,17,ASL,adult,1,324,car,0.567,ASL,0.57,response,1,0.3400000000000001,ucl,0.57
30078,18,ASL,adult,1,324,shoe,0.567,ASL,0.57,response,1,0.3400000000000001,ucl,0.57
30081,4,ASL,adult,1,530,ball,0.567,ASL,0.57,response,1,0.3400000000000001,ucl,0.57
30004,43,ASL,adult,1,349,juice,0.6,ASL,0.6,response,1,0.3400000000000001,ucl,0.57
30005,14,ASL,adult,1,575,juice,0.6,ASL,0.6,response,1,0.3400000000000001,ucl,0.57
30005,16,ASL,adult,1,575,shoe,0.6,ASL,0.6,response,1,0.3400000000000001,ucl,0.57
30005,29,ASL,adult,1,575,ball,0.6,ASL,0.6,response,1,0.3500000000000001,ucl,0.57
30021,15,ASL,adult,1,694,cup,0.6,ASL,0.6,response,1,0.3500000000000001,ucl,0.57
30021,20,ASL,adult,1,694,sock,0.6,ASL,0.6,response,1,0.3500000000000001,ucl,0.57
30021,38,ASL,adult,1,694,shoe,0.6,ASL,0.6,response,1,0.3500000000000001,ucl,0.57
30022,19,ASL,adult,1,350,shoe,0.6,ASL,0.6,response,1,0.3500000000000001,ucl,0.57
30027,22,ASL,adult,1,379,ball,0.6,ASL,0.6,response,1,0.3500000000000001,ucl,0.57
30027,23,ASL,adult,1,379,teddy,0.6,ASL,0.6,response,1,0.3500000000000001,ucl,0.57
30027,24,ASL,adult,1,379,car,0.6,ASL,0.6,response,1,0.3500000000000001,ucl,0.57
30027,30,ASL,adult,1,379,ball,0.6,ASL,0.6,response,1,0.3500000000000001,ucl,0.57
30027,34,ASL,adult,1,379,shoe,0.6,ASL,0.6,response,1,0.3500000000000001,ucl,0.57
30044,12,ASL,adult,1,276,kitty,0.6,ASL,0.6,response,1,0.3500000000000001,ucl,0.57
30044,21,ASL,adult,1,276,book,0.6,ASL,0.6,response,1,0.3500000000000001,ucl,0.57
30044,29,ASL,adult,1,276,kitty,0.6,ASL,0.6,response,1,0.3500000000000001,ucl,0.57
30059,3,ASL,adult,1,575,sock,0.6,ASL,0.6,response,1,0.3600000000000001,ucl,0.57
30059,6,ASL,adult,1,575,cup,0.6,ASL,0.6,response,1,0.3600000000000001,ucl,0.57
30059,37,ASL,adult,1,575,kitty,0.6,ASL,0.6,response,1,0.3600000000000001,ucl,0.57
30059,39,ASL,adult,1,575,juice,0.6,ASL,0.6,response,1,0.3600000000000001,ucl,0.57
30060,7,ASL,adult,1,246,cookie,0.6,ASL,0.6,response,1,0.3600000000000001,ucl,0.57
30060,17,ASL,adult,1,246,kitty,0.6,ASL,0.6,response,1,0.3600000000000001,ucl,0.57
30079,25,ASL,adult,1,325,kitty,0.6,ASL,0.6,response,1,0.3600000000000001,ucl,0.57
30079,33,ASL,adult,1,325,shoe,0.6,ASL,0.6,response,1,0.3600000000000001,ucl,0.57
30081,9,ASL,adult,1,530,shoe,0.6,ASL,0.6,response,1,0.3600000000000001,ucl,0.57
30005,3,ASL,adult,1,575,sock,0.633,ASL,0.63,response,1,0.3600000000000001,ucl,0.57
30005,5,ASL,adult,1,575,cookie,0.633,ASL,0.63,response,1,0.3600000000000001,ucl,0.57
30005,6,ASL,adult,1,575,cup,0.633,ASL,0.63,response,1,0.3600000000000001,ucl,0.57
30005,8,ASL,adult,1,575,ball,0.633,ASL,0.63,response,1,0.3600000000000001,ucl,0.57
30005,19,ASL,adult,1,575,shoe,0.633,ASL,0.63,response,1,0.3600000000000001,ucl,0.57
30007,13,ASL,adult,1,695,cookie,0.633,ASL,0.63,response,1,0.37,ucl,0.57
30007,14,ASL,adult,1,695,juice,0.633,ASL,0.63,response,1,0.37,ucl,0.57
30021,28,ASL,adult,1,694,juice,0.633,ASL,0.63,response,1,0.37,ucl,0.57
30021,34,ASL,adult,1,694,shoe,0.633,ASL,0.63,response,1,0.37,ucl,0.57
30022,4,ASL,adult,1,350,juice,0.633,ASL,0.63,response,1,0.37,ucl,0.57
30022,9,ASL,adult,1,350,birdy,0.633,ASL,0.63,response,1,0.37,ucl,0.57
30022,14,ASL,adult,1,350,juice,0.633,ASL,0.63,response,1,0.37,ucl,0.57
30022,17,ASL,adult,1,350,kitty,0.633,ASL,0.63,response,1,0.37,ucl,0.57
30027,18,ASL,adult,1,379,shoe,0.633,ASL,0.63,response,1,0.37,ucl,0.57
30027,35,ASL,adult,1,379,doll,0.633,ASL,0.63,response,1,0.37,ucl,0.57
30059,36,ASL,adult,1,575,sock,0.633,ASL,0.63,response,1,0.37,ucl,0.57
30060,13,ASL,adult,1,246,cookie,0.633,ASL,0.63,response,1,0.37,ucl,0.57
30060,14,ASL,adult,1,246,juice,0.633,ASL,0.63,response,1,0.37,ucl,0.57
30060,21,ASL,adult,1,246,teddy,0.633,ASL,0.63,response,1,0.37,ucl,0.57
30060,23,ASL,adult,1,246,birdy,0.633,ASL,0.63,response,1,0.37,ucl,0.57
30060,30,ASL,adult,1,246,cookie,0.633,ASL,0.63,response,1,0.37,ucl,0.57
30069,16,ASL,adult,1,295,doll,0.633,ASL,0.63,response,1,0.37,ucl,0.57
30075,18,ASL,adult,1,358,shoe,0.633,ASL,0.63,response,1,0.38,ucl,0.57
30075,23,ASL,adult,1,358,teddy,0.633,ASL,0.63,response,1,0.38,ucl,0.57
30081,25,ASL,adult,1,530,kitty,0.633,ASL,0.63,response,1,0.38,ucl,0.57
30005,17,ASL,adult,1,575,kitty,0.667,ASL,0.67,response,1,0.38,ucl,0.57
30005,20,ASL,adult,1,575,sock,0.667,ASL,0.67,response,1,0.38,ucl,0.57
30005,32,ASL,adult,1,575,cookie,0.667,ASL,0.67,response,1,0.38,ucl,0.57
30021,11,ASL,adult,1,694,juice,0.667,ASL,0.67,response,1,0.38,ucl,0.57
30021,19,ASL,adult,1,694,shoe,0.667,ASL,0.67,response,1,0.38,ucl,0.57
30022,2,ASL,adult,1,350,doll,0.667,ASL,0.67,response,1,0.38,ucl,0.57
30022,16,ASL,adult,0,350,shoe,0.667,ASL,0.67,response,1,0.37,ucl,0.57
30044,18,ASL,adult,1,276,shoe,0.667,ASL,0.67,response,1,0.37,ucl,0.57
30059,14,ASL,adult,1,575,juice,0.667,ASL,0.67,response,1,0.37,ucl,0.57
30059,20,ASL,adult,1,575,sock,0.667,ASL,0.67,response,1,0.37,ucl,0.57
30060,15,ASL,adult,1,246,cup,0.667,ASL,0.67,response,1,0.37,ucl,0.57
30060,20,ASL,adult,1,246,sock,0.667,ASL,0.67,response,1,0.37,ucl,0.57
30074,6,ASL,adult,1,324,birdy,0.667,ASL,0.67,response,1,0.37,ucl,0.57
30074,8,ASL,adult,1,324,kitty,0.667,ASL,0.67,response,1,0.37,ucl,0.57
30075,6,ASL,adult,1,358,birdy,0.667,ASL,0.67,response,1,0.37,ucl,0.57
30075,13,ASL,adult,1,358,teddy,0.667,ASL,0.67,response,1,0.38,ucl,0.57
30075,35,ASL,adult,1,358,doll,0.667,ASL,0.67,response,1,0.38,ucl,0.57
30078,7,ASL,adult,1,324,book,0.667,ASL,0.67,response,1,0.38,ucl,0.57
30078,11,ASL,adult,1,324,book,0.667,ASL,0.67,response,1,0.38,ucl,0.57
30078,14,ASL,adult,1,324,ball,0.667,ASL,0.67,response,1,0.38,ucl,0.57
30004,4,ASL,adult,1,349,juice,0.7,ASL,0.7,response,1,0.38,ucl,0.57
30004,7,ASL,adult,1,349,cookie,0.7,ASL,0.7,response,1,0.38,ucl,0.57
30004,42,ASL,adult,1,349,shoe,0.7,ASL,0.7,response,1,0.38,ucl,0.57
30005,9,ASL,adult,1,575,birdy,0.7,ASL,0.7,response,1,0.38,ucl,0.57
30005,12,ASL,adult,1,575,ball,0.7,ASL,0.7,response,1,0.38,ucl,0.57
30005,23,ASL,adult,1,575,birdy,0.7,ASL,0.7,response,1,0.38,ucl,0.57
30005,33,ASL,adult,1,575,ball,0.7,ASL,0.7,response,1,0.38,ucl,0.57
30005,39,ASL,adult,1,575,juice,0.7,ASL,0.7,response,1,0.38,ucl,0.57
30007,7,ASL,adult,1,695,cookie,0.7,ASL,0.7,response,1,0.38,ucl,0.57
30021,6,ASL,adult,1,694,cup,0.7,ASL,0.7,response,1,0.38,ucl,0.57
30022,10,ASL,adult,1,350,sock,0.7,ASL,0.7,response,1,0.38,ucl,0.57
30027,8,ASL,adult,1,379,book,0.7,ASL,0.7,response,1,0.38,ucl,0.57
30027,13,ASL,adult,1,379,teddy,0.7,ASL,0.7,response,1,0.38,ucl,0.57
30059,4,ASL,adult,1,575,juice,0.7,ASL,0.7,response,1,0.38,ucl,0.57
30059,9,ASL,adult,1,575,birdy,0.7,ASL,0.7,response,1,0.38,ucl,0.57
30059,30,ASL,adult,1,575,cookie,0.7,ASL,0.7,response,1,0.39,ucl,0.57
30060,4,ASL,adult,1,246,juice,0.7,ASL,0.7,response,1,0.39,ucl,0.57
30060,26,ASL,adult,1,246,doll,0.7,ASL,0.7,response,1,0.39,ucl,0.57
30074,9,ASL,adult,1,324,shoe,0.7,ASL,0.7,response,1,0.39,ucl,0.57
30079,6,ASL,adult,1,325,birdy,0.7,ASL,0.7,response,1,0.39,ucl,0.57
30081,13,ASL,adult,1,530,teddy,0.7,ASL,0.7,response,1,0.39,ucl,0.57
30004,36,ASL,adult,1,349,shoe,0.733,ASL,0.73,response,1,0.39,ucl,0.57
30005,11,ASL,adult,1,575,juice,0.733,ASL,0.73,response,1,0.39,ucl,0.57
30021,7,ASL,adult,1,694,cookie,0.733,ASL,0.73,response,1,0.39,ucl,0.57
30021,16,ASL,adult,0,694,shoe,0.733,ASL,0.73,response,1,0.38,ucl,0.57
30021,33,ASL,adult,1,694,ball,0.733,ASL,0.73,response,1,0.38,ucl,0.57
30022,6,ASL,adult,1,350,cup,0.733,ASL,0.73,response,1,0.38,ucl,0.57
30027,7,ASL,adult,1,379,birdy,0.733,ASL,0.73,response,1,0.38,ucl,0.57
30059,35,ASL,adult,1,575,teddy,0.733,ASL,0.73,response,1,0.38,ucl,0.57
30060,2,ASL,adult,1,246,doll,0.733,ASL,0.73,response,1,0.38,ucl,0.57
30060,3,ASL,adult,1,246,sock,0.733,ASL,0.73,response,1,0.38,ucl,0.57
30060,35,ASL,adult,1,246,teddy,0.733,ASL,0.73,response,1,0.38,ucl,0.57
30069,8,ASL,adult,1,295,kitty,0.733,ASL,0.73,response,1,0.38,ucl,0.57
30075,3,ASL,adult,1,358,car,0.733,ASL,0.73,response,1,0.38,ucl,0.57
30075,9,ASL,adult,1,358,shoe,0.733,ASL,0.73,response,1,0.38,ucl,0.57
30078,2,ASL,adult,1,324,doll,0.733,ASL,0.73,response,1,0.38,ucl,0.57
30078,24,ASL,adult,1,324,car,0.733,ASL,0.73,response,1,0.38,ucl,0.57
30079,36,ASL,adult,1,325,ball,0.733,ASL,0.73,response,1,0.39,ucl,0.57
30004,23,ASL,adult,1,349,teddy,0.767,ASL,0.77,response,1,0.39,ucl,0.57
30004,41,ASL,adult,1,349,cookie,0.767,ASL,0.77,response,1,0.39,ucl,0.57
30005,2,ASL,adult,0,575,doll,0.767,ASL,0.77,response,1,0.38,ucl,0.57
30005,4,ASL,adult,0,575,juice,0.767,ASL,0.77,response,1,0.37,ucl,0.57
30006,2,ASL,adult,1,575,doll,0.767,ASL,0.77,response,1,0.37,ucl,0.57
30006,13,ASL,adult,1,575,cookie,0.767,ASL,0.77,response,1,0.37,ucl,0.57
30006,30,ASL,adult,1,575,cookie,0.767,ASL,0.77,response,1,0.37,ucl,0.57
30007,2,ASL,adult,1,695,doll,0.767,ASL,0.77,response,1,0.37,ucl,0.57
30021,10,ASL,adult,1,694,sock,0.767,ASL,0.77,response,1,0.37,ucl,0.57
30021,14,ASL,adult,1,694,juice,0.767,ASL,0.77,response,1,0.37,ucl,0.57
30021,22,ASL,adult,1,694,juice,0.767,ASL,0.77,response,1,0.37,ucl,0.57
30021,24,ASL,adult,1,694,cup,0.767,ASL,0.77,response,1,0.37,ucl,0.57
30021,36,ASL,adult,1,694,sock,0.767,ASL,0.77,response,1,0.37,ucl,0.57
30021,39,ASL,adult,1,694,juice,0.767,ASL,0.77,response,1,0.37,ucl,0.57
30027,16,ASL,adult,0,379,doll,0.767,ASL,0.77,response,1,0.3600000000000001,ucl,0.57
30027,20,ASL,adult,1,379,birdy,0.767,ASL,0.77,response,1,0.3600000000000001,ucl,0.57
30027,27,ASL,adult,1,379,doll,0.767,ASL,0.77,response,1,0.37,ucl,0.57
30044,3,ASL,adult,1,276,car,0.767,ASL,0.77,response,1,0.37,ucl,0.57
30059,17,ASL,adult,0,575,kitty,0.767,ASL,0.77,response,1,0.3600000000000001,ucl,0.57
30060,9,ASL,adult,1,246,birdy,0.767,ASL,0.77,response,1,0.3600000000000001,ucl,0.57
30074,21,ASL,adult,1,324,book,0.767,ASL,0.77,response,1,0.3600000000000001,ucl,0.57
30078,5,ASL,adult,1,324,teddy,0.767,ASL,0.77,response,1,0.3600000000000001,ucl,0.57
30078,9,ASL,adult,1,324,shoe,0.767,ASL,0.77,response,1,0.3600000000000001,ucl,0.57
30078,15,ASL,adult,1,324,birdy,0.767,ASL,0.77,response,1,0.3600000000000001,ucl,0.57
30004,27,ASL,adult,1,349,cookie,0.8,ASL,0.8,response,1,0.3600000000000001,ucl,0.57
30004,38,ASL,adult,0,349,sock,0.8,ASL,0.8,response,1,0.3500000000000001,ucl,0.57
30005,15,ASL,adult,1,575,cup,0.8,ASL,0.8,response,1,0.3500000000000001,ucl,0.57
30005,22,ASL,adult,1,575,juice,0.8,ASL,0.8,response,1,0.3500000000000001,ucl,0.57
30006,16,ASL,adult,1,575,shoe,0.8,ASL,0.8,response,1,0.3500000000000001,ucl,0.57
30006,22,ASL,adult,1,575,juice,0.8,ASL,0.8,response,1,0.3500000000000001,ucl,0.57
30021,25,ASL,adult,1,694,cookie,0.8,ASL,0.8,response,1,0.3600000000000001,ucl,0.57
30022,13,ASL,adult,0,350,cookie,0.8,ASL,0.8,response,1,0.3500000000000001,ucl,0.57
30027,29,ASL,adult,1,379,kitty,0.8,ASL,0.8,response,1,0.3500000000000001,ucl,0.57
30044,6,ASL,adult,1,276,shoe,0.8,ASL,0.8,response,1,0.3500000000000001,ucl,0.57
30044,16,ASL,adult,1,276,doll,0.8,ASL,0.8,response,1,0.3500000000000001,ucl,0.57
30059,2,ASL,adult,0,575,doll,0.8,ASL,0.8,response,1,0.3400000000000001,ucl,0.57
30059,13,ASL,adult,1,575,cookie,0.8,ASL,0.8,response,1,0.3400000000000001,ucl,0.57
30059,23,ASL,adult,1,575,birdy,0.8,ASL,0.8,response,1,0.3400000000000001,ucl,0.57
30060,25,ASL,adult,1,246,cookie,0.8,ASL,0.8,response,1,0.3400000000000001,ucl,0.57
30074,16,ASL,adult,1,324,doll,0.8,ASL,0.8,response,1,0.3400000000000001,ucl,0.57
30078,8,ASL,adult,1,324,kitty,0.8,ASL,0.8,response,1,0.3400000000000001,ucl,0.57
30079,27,ASL,adult,0,325,doll,0.8,ASL,0.8,response,1,0.33000000000000007,ucl,0.57
30004,5,ASL,adult,1,349,cookie,0.833,ASL,0.83,response,1,0.3400000000000001,ucl,0.57
30007,4,ASL,adult,1,695,juice,0.833,ASL,0.83,response,1,0.3400000000000001,ucl,0.57
30021,4,ASL,adult,1,694,juice,0.833,ASL,0.83,response,1,0.3400000000000001,ucl,0.57
30027,12,ASL,adult,1,379,kitty,0.833,ASL,0.83,response,1,0.3400000000000001,ucl,0.57
30027,32,ASL,adult,1,379,birdy,0.833,ASL,0.83,response,1,0.3400000000000001,ucl,0.57
30027,36,ASL,adult,1,379,car,0.833,ASL,0.83,response,1,0.3400000000000001,ucl,0.57
30059,26,ASL,adult,1,575,doll,0.833,ASL,0.83,response,1,0.3400000000000001,ucl,0.57
30060,10,ASL,adult,1,246,sock,0.833,ASL,0.83,response,1,0.3400000000000001,ucl,0.57
30069,3,ASL,adult,1,295,car,0.833,ASL,0.83,response,1,0.3400000000000001,ucl,0.57
30069,5,ASL,adult,1,295,teddy,0.833,ASL,0.83,response,1,0.3400000000000001,ucl,0.57
30079,29,ASL,adult,1,325,kitty,0.833,ASL,0.83,response,1,0.3400000000000001,ucl,0.57
30081,14,ASL,adult,1,530,ball,0.833,ASL,0.83,response,1,0.3500000000000001,ucl,0.57
30004,40,ASL,adult,1,349,juice,0.867,ASL,0.87,response,1,0.3500000000000001,ucl,0.57
30005,34,ASL,adult,1,575,shoe,0.867,ASL,0.87,response,1,0.3500000000000001,ucl,0.57
30006,3,ASL,adult,1,575,sock,0.867,ASL,0.87,response,1,0.3500000000000001,ucl,0.57
30021,3,ASL,adult,1,694,sock,0.867,ASL,0.87,response,1,0.3500000000000001,ucl,0.57
30021,8,ASL,adult,1,694,ball,0.867,ASL,0.87,response,1,0.3500000000000001,ucl,0.57
30021,30,ASL,adult,1,694,cookie,0.867,ASL,0.87,response,1,0.3500000000000001,ucl,0.57
30027,17,ASL,adult,1,379,car,0.867,ASL,0.87,response,1,0.3500000000000001,ucl,0.57
30027,25,ASL,adult,1,379,kitty,0.867,ASL,0.87,response,1,0.3500000000000001,ucl,0.57
30044,27,ASL,adult,1,276,doll,0.867,ASL,0.87,response,1,0.3500000000000001,ucl,0.57
30069,18,ASL,adult,1,295,shoe,0.867,ASL,0.87,response,1,0.3500000000000001,ucl,0.57
30078,6,ASL,adult,1,324,birdy,0.867,ASL,0.87,response,1,0.3500000000000001,ucl,0.57
30081,11,ASL,adult,1,530,book,0.867,ASL,0.87,response,1,0.3600000000000001,ucl,0.57
30006,14,ASL,adult,1,575,juice,0.9,ASL,0.9,response,1,0.3600000000000001,ucl,0.57
30022,8,ASL,adult,1,350,ball,0.9,ASL,0.9,response,1,0.3600000000000001,ucl,0.57
30027,3,ASL,adult,1,379,car,0.9,ASL,0.9,response,1,0.3600000000000001,ucl,0.57
30027,6,ASL,adult,1,379,shoe,0.9,ASL,0.9,response,1,0.3600000000000001,ucl,0.57
30059,27,ASL,adult,1,575,cup,0.9,ASL,0.9,response,1,0.3600000000000001,ucl,0.57
30004,9,ASL,adult,1,349,birdy,0.933,ASL,0.93,response,1,0.3600000000000001,ucl,0.57
30004,13,ASL,adult,1,349,cookie,0.933,ASL,0.93,response,1,0.3600000000000001,ucl,0.57
30004,14,ASL,adult,1,349,juice,0.933,ASL,0.93,response,1,0.3600000000000001,ucl,0.57
30006,4,ASL,adult,1,575,juice,0.933,ASL,0.93,response,1,0.3600000000000001,ucl,0.57
30059,32,ASL,adult,1,575,cookie,0.933,ASL,0.93,response,1,0.3600000000000001,ucl,0.57
30004,6,ASL,adult,1,349,cup,0.967,ASL,0.97,response,1,0.3600000000000001,ucl,0.57
30004,11,ASL,adult,1,349,juice,0.967,ASL,0.97,response,1,0.3600000000000001,ucl,0.57
30005,24,ASL,adult,1,575,cup,0.967,ASL,0.97,response,1,0.3600000000000001,ucl,0.57
30006,10,ASL,adult,1,575,sock,0.967,ASL,0.97,response,1,0.3600000000000001,ucl,0.57
30021,2,ASL,adult,1,694,doll,0.967,ASL,0.97,response,1,0.37,ucl,0.57
30021,17,ASL,adult,1,694,kitty,0.967,ASL,0.97,response,1,0.37,ucl,0.57
30021,23,ASL,adult,1,694,birdy,0.967,ASL,0.97,response,1,0.37,ucl,0.57
30021,26,ASL,adult,1,694,doll,0.967,ASL,0.97,response,1,0.37,ucl,0.57
30022,5,ASL,adult,1,350,cookie,0.967,ASL,0.97,response,1,0.37,ucl,0.57
30027,31,ASL,adult,1,379,teddy,0.967,ASL,0.97,response,1,0.37,ucl,0.57
30044,2,ASL,adult,1,276,doll,0.967,ASL,0.97,response,1,0.37,ucl,0.57
30074,11,ASL,adult,1,324,book,0.967,ASL,0.97,response,1,0.37,ucl,0.57
30074,14,ASL,adult,1,324,ball,0.967,ASL,0.97,response,1,0.37,ucl,0.57
30081,3,ASL,adult,1,530,car,0.967,ASL,0.97,response,1,0.37,ucl,0.57
30081,23,ASL,adult,1,530,teddy,0.967,ASL,0.97,response,1,0.37,ucl,0.57
30004,25,ASL,adult,1,349,birdy,1,ASL,1,response,1,0.37,ucl,0.57
30004,28,ASL,adult,1,349,doll,1,ASL,1,response,1,0.37,ucl,0.57
30004,31,ASL,adult,1,349,ball,1,ASL,1,response,1,0.37,ucl,0.57
30006,19,ASL,adult,1,575,shoe,1,ASL,1,response,1,0.37,ucl,0.57
30021,12,ASL,adult,1,694,ball,1,ASL,1,response,1,0.37,ucl,0.57
30021,13,ASL,adult,1,694,cookie,1,ASL,1,response,1,0.38,ucl,0.57
30027,4,ASL,adult,1,379,ball,1,ASL,1,response,1,0.38,ucl,0.57
30044,11,ASL,adult,1,276,book,1,ASL,1,response,1,0.38,ucl,0.57
30079,20,ASL,adult,1,325,birdy,1,ASL,1,response,1,0.38,ucl,0.57
30081,5,ASL,adult,1,530,teddy,1,ASL,1,response,1,0.38,ucl,0.57
30004,12,ASL,adult,1,349,ball,1.033,ASL,1.03,response,1,0.38,ucl,0.57
30006,26,ASL,adult,1,575,doll,1.033,ASL,1.03,response,1,0.38,ucl,0.57
30021,37,ASL,adult,1,694,kitty,1.033,ASL,1.03,response,1,0.38,ucl,0.57
30027,2,ASL,adult,1,379,doll,1.033,ASL,1.03,response,1,0.38,ucl,0.57
30059,5,ASL,adult,1,575,cookie,1.033,ASL,1.03,response,1,0.38,ucl,0.57
30059,28,ASL,adult,1,575,juice,1.033,ASL,1.03,response,1,0.38,ucl,0.57
30079,3,ASL,adult,1,325,car,1.033,ASL,1.03,response,1,0.38,ucl,0.57
30081,27,ASL,adult,1,530,doll,1.033,ASL,1.03,response,1,0.38,ucl,0.57
30004,32,ASL,adult,1,349,cookie,1.067,ASL,1.07,response,1,0.38,ucl,0.57
30004,35,ASL,adult,1,349,ball,1.067,ASL,1.07,response,1,0.38,ucl,0.57
30006,21,ASL,adult,1,575,teddy,1.067,ASL,1.07,response,1,0.38,ucl,0.57
30006,33,ASL,adult,1,575,ball,1.067,ASL,1.07,response,1,0.38,ucl,0.57
30021,5,ASL,adult,1,694,cookie,1.067,ASL,1.07,response,1,0.38,ucl,0.57
30027,21,ASL,adult,1,379,book,1.067,ASL,1.07,response,1,0.38,ucl,0.57
30074,4,ASL,adult,1,324,ball,1.067,ASL,1.07,response,1,0.38,ucl,0.57
30078,22,ASL,adult,1,324,ball,1.067,ASL,1.07,response,1,0.39,ucl,0.57
30079,26,ASL,adult,1,325,shoe,1.067,ASL,1.07,response,1,0.39,ucl,0.57
30081,35,ASL,adult,1,530,doll,1.067,ASL,1.07,response,1,0.39,ucl,0.57
30005,21,ASL,adult,1,575,teddy,1.1,ASL,1.1,response,1,0.39,ucl,0.57
30005,26,ASL,adult,1,575,doll,1.1,ASL,1.1,response,1,0.39,ucl,0.57
30006,38,ASL,adult,1,575,shoe,1.1,ASL,1.1,response,1,0.39,ucl,0.57
30021,32,ASL,adult,1,694,cookie,1.1,ASL,1.1,response,1,0.39,ucl,0.57
30022,7,ASL,adult,1,350,cookie,1.1,ASL,1.1,response,1,0.39,ucl,0.57
30059,7,ASL,adult,1,575,cookie,1.1,ASL,1.1,response,1,0.39,ucl,0.57
30078,3,ASL,adult,1,324,car,1.1,ASL,1.1,response,1,0.39,ucl,0.57
30078,4,ASL,adult,1,324,ball,1.1,ASL,1.1,response,1,0.39,ucl,0.57
30081,8,ASL,adult,1,530,kitty,1.1,ASL,1.1,response,1,0.39,ucl,0.57
30081,18,ASL,adult,1,530,shoe,1.1,ASL,1.1,response,1,0.39,ucl,0.57
30004,21,ASL,adult,1,349,shoe,1.133,ASL,1.13,response,1,0.39,ucl,0.57
30004,34,ASL,adult,1,349,cookie,1.133,ASL,1.13,response,1,0.39,ucl,0.57
30005,35,ASL,adult,1,575,teddy,1.133,ASL,1.13,response,1,0.39,ucl,0.57
30006,7,ASL,adult,1,575,cookie,1.133,ASL,1.13,response,1,0.39,ucl,0.57
30022,21,ASL,adult,1,350,teddy,1.133,ASL,1.13,response,1,0.39,ucl,0.57
30027,5,ASL,adult,1,379,teddy,1.133,ASL,1.13,response,1,0.39,ucl,0.57
30027,11,ASL,adult,1,379,book,1.133,ASL,1.13,response,1,0.39,ucl,0.57
30027,14,ASL,adult,1,379,ball,1.133,ASL,1.13,response,1,0.39,ucl,0.57
30059,21,ASL,adult,1,575,teddy,1.133,ASL,1.13,response,1,0.39,ucl,0.57
30079,35,ASL,adult,1,325,doll,1.133,ASL,1.13,response,1,0.39,ucl,0.57
30004,3,ASL,adult,1,349,sock,1.167,ASL,1.17,response,1,0.39,ucl,0.57
30021,9,ASL,adult,1,694,birdy,1.167,ASL,1.17,response,1,0.39,ucl,0.57
30059,16,ASL,adult,1,575,shoe,1.167,ASL,1.17,response,1,0.4,ucl,0.57
30004,24,ASL,adult,1,349,juice,1.2,ASL,1.2,response,1,0.4,ucl,0.57
30079,13,ASL,adult,1,325,teddy,1.2,ASL,1.2,response,1,0.4,ucl,0.57
30004,26,ASL,adult,1,349,cup,1.233,ASL,1.23,response,1,0.4,ucl,0.57
30021,35,ASL,adult,1,694,teddy,1.233,ASL,1.23,response,1,0.4,ucl,0.57
30079,24,ASL,adult,1,325,car,1.233,ASL,1.23,response,1,0.4,ucl,0.57
30004,30,ASL,adult,1,349,juice,1.267,ASL,1.27,response,1,0.4,ucl,0.57
30027,33,ASL,adult,1,379,book,1.267,ASL,1.27,response,1,0.4,ucl,0.57
30075,14,ASL,adult,1,358,ball,1.267,ASL,1.27,response,1,0.4,ucl,0.57
30006,11,ASL,adult,1,575,juice,1.3,ASL,1.3,response,1,0.4,ucl,0.57
30021,21,ASL,adult,1,694,teddy,1.333,ASL,1.33,response,1,0.4,ucl,0.57
30006,23,ASL,adult,1,575,birdy,1.367,ASL,1.37,response,1,0.4,ucl,0.57
30006,6,ASL,adult,1,575,cup,1.4,ASL,1.4,response,1,0.4,ucl,0.57
30004,39,ASL,adult,1,349,kitty,1.433,ASL,1.43,response,1,0.4,ucl,0.57
30075,7,ASL,adult,1,358,book,1.433,ASL,1.43,response,1,0.4,ucl,0.57
30081,24,ASL,adult,1,530,car,1.433,ASL,1.43,response,1,0.4,ucl,0.57
30074,3,ASL,adult,1,324,car,1.467,ASL,1.47,response,1,0.4,ucl,0.57
30079,15,ASL,adult,1,325,birdy,1.467,ASL,1.47,response,1,0.4,ucl,0.57
30006,37,ASL,adult,1,575,kitty,1.5,ASL,1.5,response,1,0.4,ucl,0.57
30069,2,ASL,adult,1,295,doll,1.5,ASL,1.5,response,1,0.4,ucl,0.57
30075,2,ASL,adult,1,358,doll,1.5,ASL,1.5,response,1,0.4,ucl,0.57
30079,9,ASL,adult,1,325,shoe,1.5,ASL,1.5,response,1,0.4,ucl,0.57
30079,2,ASL,adult,0,325,doll,1.533,ASL,1.53,response,1,0.39,ucl,0.57
30006,39,ASL,adult,0,575,juice,1.567,ASL,1.57,response,1,0.38,ucl,0.57
30006,35,ASL,adult,1,575,teddy,1.6,ASL,1.6,response,1,0.38,ucl,0.57
30078,27,ASL,adult,1,324,doll,1.6,ASL,1.6,response,1,0.38,ucl,0.57
30079,22,ASL,adult,1,325,ball,1.6,ASL,1.6,response,1,0.38,ucl,0.57
30004,2,ASL,adult,1,349,doll,1.633,ASL,1.63,response,1,0.38,ucl,0.57
30075,11,ASL,adult,1,358,book,1.633,ASL,1.63,response,1,0.38,ucl,0.57
30006,25,ASL,adult,1,575,cookie,1.667,ASL,1.67,response,1,0.39,ucl,0.57
30079,14,ASL,adult,1,325,ball,1.667,ASL,1.67,response,1,0.39,ucl,0.57
30006,34,ASL,adult,1,575,shoe,1.7,ASL,1.7,response,1,0.39,ucl,0.57
30075,8,ASL,adult,1,358,kitty,1.7,ASL,1.7,response,1,0.39,ucl,0.57
30006,27,ASL,adult,1,575,cup,1.733,ASL,1.73,response,1,0.39,ucl,0.57
30022,11,ASL,adult,1,350,juice,1.733,ASL,1.73,response,1,0.39,ucl,0.57
30069,14,ASL,adult,1,295,ball,1.733,ASL,1.73,response,1,0.39,ucl,0.57
30004,10,ASL,adult,1,349,sock,1.8,ASL,1.8,response,1,0.39,ucl,0.57
30004,22,ASL,adult,1,349,sock,1.833,ASL,1.83,response,1,0.39,ucl,0.57
30079,12,ASL,adult,1,325,kitty,1.833,ASL,1.83,response,1,0.39,ucl,0.57
30079,17,ASL,adult,1,325,car,1.833,ASL,1.83,response,1,0.39,ucl,0.57
30004,29,ASL,adult,1,349,cup,1.867,ASL,1.87,response,1,0.39,ucl,0.57
30006,32,ASL,adult,1,575,cookie,1.867,ASL,1.87,response,1,0.39,ucl,0.57
30074,2,ASL,adult,1,324,doll,1.9,ASL,1.9,response,1,0.39,ucl,0.57
30079,7,ASL,adult,1,325,book,1.9,ASL,1.9,response,1,0.39,ucl,0.57
30004,15,ASL,adult,1,349,cup,1.933,ASL,1.93,response,1,0.39,ucl,0.57
30022,20,ASL,adult,1,350,sock,1.933,ASL,1.93,response,1,0.39,ucl,0.57
30079,8,ASL,adult,1,325,kitty,2,ASL,2,response,1,0.39,ucl,0.57
30079,18,ASL,adult,1,325,shoe,2,ASL,2,response,1,0.39,ucl,0.57
30081,2,ASL,adult,1,530,doll,2.067,ASL,2.07,response,1,0.39,ucl,0.57
30079,11,ASL,adult,1,325,book,2.167,ASL,2.17,response,1,0.39,ucl,0.57
30006,12,ASL,adult,1,575,ball,2.2,ASL,2.2,response,1,0.39,ucl,0.57
30005,25,ASL,adult,1,575,cookie,2.233,ASL,2.23,response,1,0.39,ucl,0.57
30079,21,ASL,adult,1,325,book,2.3,ASL,2.3,response,1,0.39,ucl,0.57
30079,5,ASL,adult,1,325,teddy,2.333,ASL,2.33,response,1,0.39,ucl,0.57
30004,16,ASL,adult,1,349,juice,2.367,ASL,2.37,response,1,0.4,ucl,0.57
30078,25,ASL,adult,1,324,kitty,2.367,ASL,2.37,response,1,0.4,ucl,0.57
30069,4,ASL,adult,1,295,ball,2.5,ASL,2.5,response,1,0.4,ucl,0.57
30006,17,ASL,adult,1,575,kitty,2.633,ASL,2.63,response,1,0.4,ucl,0.57
30006,5,ASL,adult,1,575,cookie,2.7,ASL,2.7,response,1,0.4,ucl,0.57
30006,9,ASL,adult,0,575,birdy,2.9,ASL,2.9,response,1,0.39,ucl,0.57
7,2,Bullseye,adult,1,20,shoe,0.033,Bullseye,0.03,guess,0,0.010000000000000009,ucl,0.51
7,14,Bullseye,adult,0,20,shoe,0.033,Bullseye,0.03,guess,0,0.010000000000000009,ucl,0.51
4,3,Bullseye,adult,0,20,juice,0.033,Bullseye,0.03,guess,0,0.030000000000000027,ucl,0.52
4,23,Bullseye,adult,0,20,juice,0.067,Bullseye,0.07,guess,0,0.030000000000000027,ucl,0.52
1,6,Bullseye,adult,0,20,ball,0.067,Bullseye,0.07,guess,0,0.030000000000000027,ucl,0.52
1,26,Bullseye,adult,0,20,banana,0.1,Bullseye,0.1,guess,0,0.040000000000000036,ucl,0.52
4,16,Bullseye,adult,0,20,ball,0.133,Bullseye,0.13,guess,0,0.050000000000000044,ucl,0.53
4,25,Bullseye,adult,1,20,cookie,0.133,Bullseye,0.13,guess,0,0.050000000000000044,ucl,0.53
4,10,Bullseye,adult,1,20,book,0.167,Bullseye,0.17,guess,0,0.040000000000000036,ucl,0.53
4,15,Bullseye,adult,1,20,banana,0.167,Bullseye,0.17,guess,0,0.040000000000000036,ucl,0.53
1,9,Bullseye,adult,1,20,cookie,0.167,Bullseye,0.17,guess,0,0.030000000000000027,ucl,0.53
1,22,Bullseye,adult,0,20,shoe,0.167,Bullseye,0.17,guess,0,0.040000000000000036,ucl,0.53
4,9,Bullseye,adult,1,20,juice,0.2,Bullseye,0.2,guess,0,0.030000000000000027,ucl,0.53
4,14,Bullseye,adult,1,20,shoe,0.2,Bullseye,0.2,guess,0,0.040000000000000036,ucl,0.54
4,17,Bullseye,adult,1,20,juice,0.2,Bullseye,0.2,guess,0,0.030000000000000027,ucl,0.54
3,23,Bullseye,adult,1,19,juice,0.2,Bullseye,0.2,guess,0,0.030000000000000027,ucl,0.54
1,29,Bullseye,adult,1,20,book,0.2,Bullseye,0.2,guess,0,0.020000000000000018,ucl,0.54
1,32,Bullseye,adult,0,20,shoe,0.2,Bullseye,0.2,guess,0,0.030000000000000027,ucl,0.54
5,8,Bullseye,adult,1,20,shoe,0.233,Bullseye,0.23,guess,0,0.020000000000000018,ucl,0.54
5,10,Bullseye,adult,1,20,book,0.233,Bullseye,0.23,guess,0,0.020000000000000018,ucl,0.54
5,17,Bullseye,adult,1,20,ball,0.233,Bullseye,0.23,guess,0,0.010000000000000009,ucl,0.54
4,8,Bullseye,adult,1,20,banana,0.233,Bullseye,0.23,guess,0,0.010000000000000009,ucl,0.54
4,13,Bullseye,adult,1,20,cookie,0.233,Bullseye,0.23,guess,0,0.010000000000000009,ucl,0.54
4,22,Bullseye,adult,1,20,banana,0.233,Bullseye,0.23,guess,0,0,ucl,0.54
4,24,Bullseye,adult,1,20,book,0.233,Bullseye,0.23,guess,0,0,ucl,0.54
3,32,Bullseye,adult,1,19,shoe,0.233,Bullseye,0.23,guess,0,0,ucl,0.55
2,10,Bullseye,adult,0,19,book,0.233,Bullseye,0.23,guess,0,0.010000000000000009,ucl,0.55
1,17,Bullseye,adult,1,20,ball,0.233,Bullseye,0.23,guess,0,0,ucl,0.55
1,25,Bullseye,adult,1,20,juice,0.233,Bullseye,0.23,guess,0,0,ucl,0.55
4,12,Bullseye,adult,1,20,shoe,0.267,Bullseye,0.27,response,1,0.010000000000000009,ucl,0.55
3,3,Bullseye,adult,0,19,juice,0.267,Bullseye,0.27,guess,0,0,ucl,0.55
3,10,Bullseye,adult,1,19,book,0.267,Bullseye,0.27,response,1,0.010000000000000009,ucl,0.55
3,11,Bullseye,adult,1,19,ball,0.267,Bullseye,0.27,response,1,0.010000000000000009,ucl,0.55
1,30,Bullseye,adult,1,20,banana,0.267,Bullseye,0.27,response,1,0.010000000000000009,ucl,0.55
7,9,Bullseye,adult,1,20,juice,0.3,Bullseye,0.3,response,1,0.019999999999999907,ucl,0.55
7,12,Bullseye,adult,1,20,shoe,0.3,Bullseye,0.3,response,1,0.019999999999999907,ucl,0.55
7,13,Bullseye,adult,1,20,cookie,0.3,Bullseye,0.3,response,1,0.029999999999999916,ucl,0.55
5,3,Bullseye,adult,1,20,banana,0.3,Bullseye,0.3,response,1,0.029999999999999916,ucl,0.55
5,14,Bullseye,adult,1,20,book,0.3,Bullseye,0.3,response,1,0.039999999999999925,ucl,0.55
4,2,Bullseye,adult,1,20,shoe,0.3,Bullseye,0.3,response,1,0.039999999999999925,ucl,0.55
4,19,Bullseye,adult,1,20,cookie,0.3,Bullseye,0.3,response,1,0.039999999999999925,ucl,0.55
3,26,Bullseye,adult,1,19,shoe,0.3,Bullseye,0.3,response,1,0.04999999999999993,ucl,0.55
3,28,Bullseye,adult,0,19,ball,0.3,Bullseye,0.3,response,1,0.039999999999999925,ucl,0.55
2,4,Bullseye,adult,1,19,book,0.3,Bullseye,0.3,response,1,0.04999999999999993,ucl,0.55
7,22,Bullseye,adult,1,20,banana,0.333,Bullseye,0.33,response,1,0.04999999999999993,ucl,0.55
5,9,Bullseye,adult,1,20,cookie,0.333,Bullseye,0.33,response,1,0.039999999999999925,ucl,0.56
5,11,Bullseye,adult,1,20,juice,0.333,Bullseye,0.33,response,1,0.04999999999999993,ucl,0.56
4,11,Bullseye,adult,0,20,ball,0.333,Bullseye,0.33,response,1,0.039999999999999925,ucl,0.56
4,21,Bullseye,adult,1,20,ball,0.333,Bullseye,0.33,response,1,0.04999999999999993,ucl,0.56
3,17,Bullseye,adult,1,19,juice,0.333,Bullseye,0.33,response,1,0.04999999999999993,ucl,0.56
2,26,Bullseye,adult,0,19,banana,0.333,Bullseye,0.33,response,1,0.039999999999999925,ucl,0.56
1,10,Bullseye,adult,1,20,book,0.333,Bullseye,0.33,response,1,0.04999999999999993,ucl,0.56
1,12,Bullseye,adult,1,20,banana,0.333,Bullseye,0.33,response,1,0.04999999999999993,ucl,0.56
5,13,Bullseye,adult,1,20,ball,0.367,Bullseye,0.37,response,1,0.05999999999999994,ucl,0.56
3,4,Bullseye,adult,1,19,banana,0.367,Bullseye,0.37,response,1,0.05999999999999994,ucl,0.56
3,13,Bullseye,adult,1,19,cookie,0.367,Bullseye,0.37,response,1,0.05999999999999994,ucl,0.56
3,20,Bullseye,adult,1,19,book,0.367,Bullseye,0.37,response,1,0.06999999999999995,ucl,0.56
3,24,Bullseye,adult,1,19,book,0.367,Bullseye,0.37,response,1,0.06999999999999995,ucl,0.56
3,25,Bullseye,adult,1,19,cookie,0.367,Bullseye,0.37,response,1,0.06999999999999995,ucl,0.56
3,29,Bullseye,adult,1,19,cookie,0.367,Bullseye,0.37,response,1,0.07999999999999996,ucl,0.56
3,30,Bullseye,adult,1,19,book,0.367,Bullseye,0.37,response,1,0.07999999999999996,ucl,0.56
5,16,Bullseye,adult,1,20,juice,0.4,Bullseye,0.4,response,1,0.08999999999999997,ucl,0.56
3,7,Bullseye,adult,1,19,cookie,0.4,Bullseye,0.4,response,1,0.08999999999999997,ucl,0.56
3,31,Bullseye,adult,1,19,banana,0.4,Bullseye,0.4,response,1,0.08999999999999997,ucl,0.56
1,20,Bullseye,adult,1,20,shoe,0.4,Bullseye,0.4,response,1,0.09999999999999998,ucl,0.56
5,19,Bullseye,adult,1,20,banana,0.433,Bullseye,0.43,response,1,0.09999999999999998,ucl,0.56
3,12,Bullseye,adult,1,19,shoe,0.433,Bullseye,0.43,response,1,0.09999999999999998,ucl,0.56
5,6,Bullseye,adult,0,20,ball,0.467,Bullseye,0.47,response,1,0.09999999999999998,ucl,0.56
5,15,Bullseye,adult,1,20,cookie,0.467,Bullseye,0.47,response,1,0.09999999999999998,ucl,0.56
4,7,Bullseye,adult,1,20,cookie,0.467,Bullseye,0.47,response,1,0.09999999999999998,ucl,0.56
3,8,Bullseye,adult,1,19,banana,0.467,Bullseye,0.47,response,1,0.10999999999999999,ucl,0.56
3,9,Bullseye,adult,1,19,juice,0.467,Bullseye,0.47,response,1,0.10999999999999999,ucl,0.56
2,3,Bullseye,adult,1,19,banana,0.467,Bullseye,0.47,response,1,0.10999999999999999,ucl,0.56
5,4,Bullseye,adult,1,20,book,0.5,Bullseye,0.5,response,1,0.12,ucl,0.56
4,5,Bullseye,adult,1,20,book,0.5,Bullseye,0.5,response,1,0.12,ucl,0.56
4,6,Bullseye,adult,1,20,ball,0.5,Bullseye,0.5,response,1,0.12,ucl,0.56
3,6,Bullseye,adult,1,19,ball,0.5,Bullseye,0.5,response,1,0.1299999999999999,ucl,0.56
3,15,Bullseye,adult,1,19,banana,0.533,Bullseye,0.53,response,1,0.1299999999999999,ucl,0.56
2,12,Bullseye,adult,1,19,banana,0.667,Bullseye,0.67,response,1,0.1299999999999999,ucl,0.56
2,20,Bullseye,adult,1,19,shoe,0.833,Bullseye,0.83,response,1,0.1399999999999999,ucl,0.56
2,2,Bullseye,adult,1,19,shoe,0.867,Bullseye,0.87,response,1,0.1399999999999999,ucl,0.56
2,17,Bullseye,adult,1,19,ball,1.733,Bullseye,1.73,response,1,0.1399999999999999,ucl,0.56
2,6,Bullseye,adult,1,19,ball,2.133,Bullseye,2.13,response,1,0.1399999999999999,ucl,0.56
2,31,Bullseye,adult,0,19,juice,2.167,Bullseye,2.17,response,1,0.1399999999999999,ucl,0.56
