condition,stimulus,left_image,right_image,target_image,center,audio,noun_onset_sec,noun_onset_frames,noun_onset_msec,noun_onset_sec_1,noun_offset_sec,noun_offset_frames,noun_offset_msec,noun_offset_sec_1,sentence_onset_sec_frames,sentence_onset_frames,sentence_onset_sec
Face,26af9fe3ff870f853786bc2b2a74ff27_1024x768,banana,juice,juice,face,audio,3,9,3270,3.27,4,6,4180,4.18,1,5,1.17
Face,52f41291d4b384dce8632a3a1929f62c_1024x768,book,shoe,book,face,audio,3,3,3090,3.09,3,29,3870,3.87,1,4,1.13
Face,c680c6643cf93ce2541c7f6d33934cf8_1024x768,banana,juice,banana,face,audio,3,17,3510,3.51,4,10,4300,4.3,1,15,1.5
Face,19ca67e440094917ae899f7f795be277_1024x768,shoe,book,book,face,audio,3,3,3090,3.09,3,29,3870,3.87,1,4,1.13
Face,1a5a3bcc575c113ace46747eb9bd98d0_1024x768,cookie,ball,cookie,face,audio,3,6,3180,3.18,4,4,4120,4.12,1,8,1.27
Face,0917658e1fd5498f4ade6351af4ecb9a_1024x768,book,shoe,book,face,audio,3,3,3090,3.09,3,29,3870,3.87,1,4,1.13
Face,d9d3c118999a6914c732ebb668e22c58_1024x768,book,shoe,shoe,face,audio,3,9,3270,3.27,3,29,3870,3.87,1,16,1.53
Face,28686a50a34c49cd61cf58b011336390_1024x768,shoe,book,book,face,audio,3,3,3090,3.09,3,29,3870,3.87,1,4,1.13
Face,e358bf4c75c990472b5a509847fd12b6_1024x768,juice,banana,juice,face,audio,3,9,3270,3.27,4,6,4180,4.18,1,5,1.17
Face,a80540e2cce57d79fffb3a5a20892638_1024x768,book,shoe,shoe,face,audio,3,9,3270,3.27,3,29,3870,3.87,1,16,1.53
Face,0c38670a397be36d17564edc0578dee3_1024x768,ball,cookie,cookie,face,audio,3,6,3180,3.18,4,4,4120,4.12,1,8,1.27
Face,faa889bd691485f32279610c14653959_1024x768,banana,juice,juice,face,audio,3,9,3270,3.27,4,6,4180,4.18,1,5,1.17
Face,28d6455f615cdab688c6949aaa47df30_1024x768,banana,juice,banana,face,audio,3,17,3510,3.51,4,10,4300,4.3,1,15,1.5
Face,07a48d07c1fcb9503d3c1ad539cd66a1_1024x768,juice,banana,banana,face,audio,3,17,3510,3.51,4,10,4300,4.3,1,15,1.5
Face,9c88f36c2475f968ca0e9e17422cdb7d_1024x768,juice,banana,juice,face,audio,3,9,3270,3.27,4,6,4180,4.18,1,5,1.17
Face,d9ea921912d877059f0b997cf052d1e9_1024x768,cookie,ball,cookie,face,audio,3,6,3180,3.18,4,4,4120,4.12,1,8,1.27
Face,d4aac1cfd47771585686be43d19387de_1024x768,cookie,ball,ball,face,audio,3,18,3540,3.54,4,8,4240,4.24,1,10,1.33
Face,6caffb498c2f5e7f34c008ad68ba155c_1024x768,shoe,book,shoe,face,audio,3,9,3270,3.27,3,29,3870,3.87,1,16,1.53
Face,ac37dc4de566d857eaef01b79ad30c66_1024x768,juice,banana,banana,face,audio,3,17,3510,3.51,4,10,4300,4.3,1,15,1.5
Face,d248be347de3c9da582cd83b031e6fb4_1024x768,shoe,book,shoe,face,audio,3,9,3270,3.27,3,29,3870,3.87,1,16,1.53
Face,3249a3d315efda891189ea955d925758_1024x768,ball,cookie,ball,face,audio,3,18,3540,3.54,4,8,4240,4.24,1,10,1.33
Face,e006c5d30dd47a0973958d9077bd335a_1024x768,ball,cookie,cookie,face,audio,3,6,3180,3.18,4,4,4120,4.12,1,8,1.27
Face,6eacc410ae3622014cc558ec53d7d2cb_1024x768,cookie,ball,ball,face,audio,3,18,3540,3.54,4,8,4240,4.24,1,10,1.33
Face,9e76e6b01ba4fa3336df27a7dde2ad20_1024x768,ball,cookie,ball,face,audio,3,18,3540,3.54,4,8,4240,4.24,1,10,1.33
Text,3990bdb28e42adecb13092b101f3cb53_1024x768,ball,cookie,cookie,text,audio,3,6,3180,3.18,4,4,4120,4.12,1,8,1.27
Text,e13f3704c04fa015c570c1d14fb2278f_1024x768,ball,cookie,ball,text,audio,3,18,3540,3.54,4,8,4240,4.24,1,10,1.33
Text,2d4bb7ed42182a61c5db74464008f1ed_1024x768,ball,cookie,cookie,text,audio,3,6,3180,3.18,4,4,4120,4.12,1,8,1.27
Text,b56d2a83e23a2d59441ac7775225dbc3_1024x768,book,shoe,book,text,audio,3,3,3090,3.09,3,29,3870,3.87,1,4,1.13
Text,e16e94d2baa980f81f8f5ed568e6b5c5_1024x768,book,shoe,book,text,audio,3,3,3090,3.09,3,29,3870,3.87,1,4,1.13
Text,485e9d780889a2cb80d9ff9a6a8fc867_1024x768,cookie,ball,cookie,text,audio,3,6,3180,3.18,4,4,4120,4.12,1,8,1.27
Text,454b3f58547895fc531cf41eeb50bdba_1024x768,ball,cookie,ball,text,audio,3,18,3540,3.54,4,8,4240,4.24,1,10,1.33
Text,b1d183c451256a8ac4158a5e433beee2_1024x768,juice,banana,banana,text,audio,3,17,3510,3.51,4,10,4300,4.3,1,15,1.5
Text,9e4992013ab57a1aceecdf053f12ad40_1024x768,shoe,book,book,text,audio,3,3,3090,3.09,3,29,3870,3.87,1,4,1.13
Text,590e864e7b1c417bec77afea01c37bf7_1024x768,banana,juice,juice,text,audio,3,9,3270,3.27,4,6,4180,4.18,1,5,1.17
Text,1d2627bfeb5a251c7c3a19797ef3f4dd_1024x768,juice,banana,juice,text,audio,3,9,3270,3.27,4,6,4180,4.18,1,5,1.17
Text,7ecce0687d1b2a4a217022a2b20ccc06_1024x768,banana,juice,juice,text,audio,3,9,3270,3.27,4,6,4180,4.18,1,5,1.17
Text,cee17cc1d64dc4332b88e8a4be9328fd_1024x768,shoe,book,shoe,text,audio,3,9,3270,3.27,3,29,3870,3.87,1,16,1.53
Text,214fe5fca053cdbc5598e18413d59410_1024x768,juice,banana,juice,text,audio,3,9,3270,3.27,4,6,4180,4.18,1,5,1.17
Text,8c30bdc48f2c56632c710168adf2209b_1024x768,banana,juice,banana,text,audio,3,17,3510,3.51,4,10,4300,4.3,1,15,1.5
Text,fbbb46cbb78805b3caf5b955829341f2_1024x768,cookie,ball,cookie,text,audio,3,6,3180,3.18,4,4,4120,4.12,1,8,1.27
Text,3fd5cd088119c225ed7c46b2accc0401_1024x768,book,shoe,shoe,text,audio,3,9,3270,3.27,3,29,3870,3.87,1,16,1.53
Text,5229cf6378d0deac79c94f02b1b382e8_1024x768,banana,juice,banana,text,audio,3,17,3510,3.51,4,10,4300,4.3,1,15,1.5
Text,5814e48a44f215b044499efcd6befd37_1024x768,book,shoe,shoe,text,audio,3,9,3270,3.27,3,29,3870,3.87,1,16,1.53
Text,ee80e042edec3d0fa770c5182d825e6a_1024x768,shoe,book,book,text,audio,3,3,3090,3.09,3,29,3870,3.87,1,4,1.13
Text,27213d36d4cd6dfda9a7203523a23e53_1024x768,cookie,ball,ball,text,audio,3,18,3540,3.54,4,8,4240,4.24,1,10,1.33
Text,05cfebc6ba8d98c26d5ba62e03d017e9_1024x768,cookie,ball,ball,text,audio,3,18,3540,3.54,4,8,4240,4.24,1,10,1.33
Text,e26ee036126d460106a62195a0d9b712_1024x768,juice,banana,banana,text,audio,3,17,3510,3.51,4,10,4300,4.3,1,15,1.5
Text,f444438c55b957172398e3ba8efb53a4_1024x768,shoe,book,shoe,text,audio,3,9,3270,3.27,3,29,3870,3.87,1,16,1.53
Bullseye,ffd3c4f398a08fa30bf960db72206ec7_1024x768,shoe,book,book,bullseye,audio,3,3,3090,3.09,3,29,3870,3.87,1,4,1.13
Bullseye,422228e4ca25c778b58c9cb18ce5b5c0_1024x768,banana,juice,juice,bullseye,audio,3,9,3270,3.27,4,6,4180,4.18,1,5,1.17
Bullseye,e97fb2fa7580b952b0661ba6dfc13fc8_1024x768,cookie,ball,cookie,bullseye,audio,3,6,3180,3.18,4,4,4120,4.12,1,8,1.27
Bullseye,7ba2675b53059f6dda43c2a3056a33da_1024x768,banana,juice,juice,bullseye,audio,3,9,3270,3.27,4,6,4180,4.18,1,5,1.17
Bullseye,39e6376957b960062ce586b17e5f3808_1024x768,cookie,ball,ball,bullseye,audio,3,18,3540,3.54,4,8,4240,4.24,1,10,1.33
Bullseye,3a8a3e285bd9f6183c3662076e7e8c07_1024x768,cookie,ball,cookie,bullseye,audio,3,6,3180,3.18,4,4,4120,4.12,1,8,1.27
Bullseye,313e4a51503454cdecbc01a30001fa1a_1024x768,ball,cookie,ball,bullseye,audio,3,18,3540,3.54,4,8,4240,4.24,1,10,1.33
Bullseye,ac4e04d50022400ab72bb8f7eccee915_1024x768,juice,banana,banana,bullseye,audio,3,17,3510,3.51,4,10,4300,4.3,1,15,1.5
Bullseye,0af0b8df0b99ceb24e540a779a94b8c8_1024x768,banana,juice,banana,bullseye,audio,3,17,3510,3.51,4,10,4300,4.3,1,15,1.5
Bullseye,ca308383bb32e44886a9bf06bc3ff0b9_1024x768,shoe,book,shoe,bullseye,audio,3,9,3270,3.27,3,29,3870,3.87,1,16,1.53
Bullseye,6e59900b495d723ef1bb78bfa2d87b2c_1024x768,shoe,book,shoe,bullseye,audio,3,9,3270,3.27,3,29,3870,3.87,1,16,1.53
Bullseye,7f611375824fee7c7b288ac0f23f6a71_1024x768,banana,juice,banana,bullseye,audio,3,17,3510,3.51,4,10,4300,4.3,1,15,1.5
Bullseye,471bb43963d7e437e8811155d4947676_1024x768,juice,banana,juice,bullseye,audio,3,9,3270,3.27,4,6,4180,4.18,1,5,1.17
Bullseye,72a98ebf22c2bea6096fa6a9f14fdb8c_1024x768,shoe,book,book,bullseye,audio,3,3,3090,3.09,3,29,3870,3.87,1,4,1.13
Bullseye,d9245d6e1b9c2b80ecc7059f33196b95_1024x768,book,shoe,book,bullseye,audio,3,3,3090,3.09,3,29,3870,3.87,1,4,1.13
Bullseye,3bba1366419287d440bac25ad128945f_1024x768,book,shoe,shoe,bullseye,audio,3,9,3270,3.27,3,29,3870,3.87,1,16,1.53
Bullseye,f42551770bcbc865bdd0dc50b373899a_1024x768,ball,cookie,cookie,bullseye,audio,3,6,3180,3.18,4,4,4120,4.12,1,8,1.27
Bullseye,82a72660d0e0151330ff59824c01b34d_1024x768,ball,cookie,ball,bullseye,audio,3,18,3540,3.54,4,8,4240,4.24,1,10,1.33
Bullseye,8c8d867db64c818fb6ed5b4be646cabd_1024x768,juice,banana,juice,bullseye,audio,3,9,3270,3.27,4,6,4180,4.18,1,5,1.17
Bullseye,3d975d9e490114faf2a9c40f4eb1932f_1024x768,ball,cookie,cookie,bullseye,audio,3,6,3180,3.18,4,4,4120,4.12,1,8,1.27
Bullseye,4714ac7f8fb06de7172d4fb2082d4135_1024x768,book,shoe,shoe,bullseye,audio,3,9,3270,3.27,3,29,3870,3.87,1,16,1.53
Bullseye,83d8aed0d7eeddebf9225e8f55532167_1024x768,juice,banana,banana,bullseye,audio,3,17,3510,3.51,4,10,4300,4.3,1,15,1.5
Bullseye,6f30e45c4ce4165141b7a8223e0e826b_1024x768,cookie,ball,ball,bullseye,audio,3,18,3540,3.54,4,8,4240,4.24,1,10,1.33
Bullseye,20d0e9d08cf2382fd903aead76d932fc_1024x768,book,shoe,book,bullseye,audio,3,3,3090,3.09,3,29,3870,3.87,1,4,1.13
Text-no-audio,49cf5779f6f9daa8d03073442d98dec4_1024x768,ball,cookie,cookie,text,no-audio,3,6,3180,3.18,4,4,4120,4.12,1,8,1.27
Text-no-audio,6660cc65cf4a011dbcbb169fd50d4f26_1024x768,book,shoe,shoe,text,no-audio,3,9,3270,3.27,3,29,3870,3.87,1,16,1.53
Text-no-audio,a60a6f6c2595d91256542ca443b1244a_1024x768,juice,banana,banana,text,no-audio,3,17,3510,3.51,4,10,4300,4.3,1,15,1.5
Text-no-audio,7e5fdd43fe14cdece1ddde6d60d16e5e_1024x768,shoe,book,shoe,text,no-audio,3,9,3270,3.27,3,29,3870,3.87,1,16,1.53
Text-no-audio,5e18be9b419dab0d5c87dd8b749dcff9_1024x768,book,shoe,book,text,no-audio,3,3,3090,3.09,3,29,3870,3.87,1,4,1.13
Text-no-audio,45f00430d66b2f9e0369077cc9d1e0e1_1024x768,banana,juice,banana,text,no-audio,3,17,3510,3.51,4,10,4300,4.3,1,15,1.5
Text-no-audio,e00d1263f26bb71f4540d258cfc49493_1024x768,shoe,book,book,text,no-audio,3,3,3090,3.09,3,29,3870,3.87,1,4,1.13
Text-no-audio,2d9733fe89d045d90b7e3d3a028d74c6_1024x768,cookie,ball,ball,text,no-audio,3,18,3540,3.54,4,8,4240,4.24,1,10,1.33
Text-no-audio,4b51e4c3c7fc4a6f10fd1fa26a40766e_1024x768,ball,cookie,ball,text,no-audio,3,18,3540,3.54,4,8,4240,4.24,1,10,1.33
Text-no-audio,908f2705b9c41a6abc797b398e898b45_1024x768,banana,juice,juice,text,no-audio,3,9,3270,3.27,4,6,4180,4.18,1,5,1.17
Text-no-audio,822171713019563a10f19796b36b2ce5_1024x768,juice,banana,juice,text,no-audio,3,9,3270,3.27,4,6,4180,4.18,1,5,1.17
Text-no-audio,83f1126403fd77f4ec32572093e5924a_1024x768,banana,juice,juice,text,no-audio,3,9,3270,3.27,4,6,4180,4.18,1,5,1.17
Text-no-audio,0fef7aab31a6fd6bcf0409925eb06d6b_1024x768,shoe,book,book,text,no-audio,3,3,3090,3.09,3,29,3870,3.87,1,4,1.13
Text-no-audio,5dae4aa023ab8cbb8052b18999deb8b1_1024x768,juice,banana,banana,text,no-audio,3,17,3510,3.51,4,10,4300,4.3,1,15,1.5
Text-no-audio,3908c3ee7bc38e177e7242c09da4e5db_1024x768,banana,juice,banana,text,no-audio,3,17,3510,3.51,4,10,4300,4.3,1,15,1.5
Text-no-audio,e3f47615941eee73f0f89b8fc19cc30b_1024x768,book,shoe,book,text,no-audio,3,3,3090,3.09,3,29,3870,3.87,1,4,1.13
Text-no-audio,d443f166201d1470d6aaacc5f53c6b30_1024x768,cookie,ball,ball,text,no-audio,3,18,3540,3.54,4,8,4240,4.24,1,10,1.33
Text-no-audio,f704909fdccc7d583d89e16ff52ddcdd_1024x768,cookie,ball,cookie,text,no-audio,3,6,3180,3.18,4,4,4120,4.12,1,8,1.27
Text-no-audio,27893980373d4c97e0aa58a878387fe8_1024x768,ball,cookie,ball,text,no-audio,3,18,3540,3.54,4,8,4240,4.24,1,10,1.33
Text-no-audio,9ce7958e887a780e6055f68770c87770_1024x768,ball,cookie,cookie,text,no-audio,3,6,3180,3.18,4,4,4120,4.12,1,8,1.27
Text-no-audio,04b769939c1953cef8bdcbd2ee4f690b_1024x768,shoe,book,shoe,text,no-audio,3,9,3270,3.27,3,29,3870,3.87,1,16,1.53
Text-no-audio,b890f91552d39f27d8e6a17ebc0f9903_1024x768,cookie,ball,cookie,text,no-audio,3,6,3180,3.18,4,4,4120,4.12,1,8,1.27
Text-no-audio,4b6f484edf5ed91f6a29e70ae4bbc174_1024x768,juice,banana,juice,text,no-audio,3,9,3270,3.27,4,6,4180,4.18,1,5,1.17
Text-no-audio,31bfa8f004165f85eae54dc4b4b95906_1024x768,book,shoe,shoe,text,no-audio,3,9,3270,3.27,3,29,3870,3.87,1,16,1.53
Text-no-audio,b4529fb9b2af74150993f34b82984dfd_1024x768,book,shoe,shoe,text,no-audio,3,9,3270,3.27,3,29,3870,3.87,1,16,1.53
Text-no-audio,18478a7940d503ba3edb31aa9645b58a_1024x768,book,shoe,book,text,no-audio,3,3,3090,3.09,3,29,3870,3.87,1,4,1.13
Text-no-audio,74be81facfe0c188c63693ad0ba3c3c8_1024x768,juice,banana,banana,text,no-audio,3,17,3510,3.51,4,10,4300,4.3,1,15,1.5
Text-no-audio,09c44adadecbf41cb7e0d96ed3bc5e73_1024x768,juice,banana,juice,text,no-audio,3,9,3270,3.27,4,6,4180,4.18,1,5,1.17
Text-no-audio,6e5f92e2c77a1d63b4cea0aeb5260d66_1024x768,shoe,book,shoe,text,no-audio,3,9,3270,3.27,3,29,3870,3.87,1,16,1.53
Text-no-audio,a079416d258790a4b889329b9e2d6182_1024x768,juice,banana,juice,text,no-audio,3,9,3270,3.27,4,6,4180,4.18,1,5,1.17
Text-no-audio,4fcbd6a19fb7af86663fceb7834e2609_1024x768,cookie,ball,cookie,text,no-audio,3,6,3180,3.18,4,4,4120,4.12,1,8,1.27
Text-no-audio,364aa611852510ae3c62baa8a38bd9d8_1024x768,banana,juice,banana,text,no-audio,3,17,3510,3.51,4,10,4300,4.3,1,15,1.5
Text-no-audio,3d6f09bc78d8a87b62619cef5f93c61a_1024x768,banana,juice,juice,text,no-audio,3,9,3270,3.27,4,6,4180,4.18,1,5,1.17
Text-no-audio,ec5d8506cef1803d58f998934bf3810f_1024x768,shoe,book,book,text,no-audio,3,3,3090,3.09,3,29,3870,3.87,1,4,1.13
Text-no-audio,26427f410da0632c5c3ce8b1815ce42f_1024x768,banana,juice,banana,text,no-audio,3,17,3510,3.51,4,10,4300,4.3,1,15,1.5
Text-no-audio,5d787d0516512ef7bcdc84248f62065b_1024x768,cookie,ball,cookie,text,no-audio,3,6,3180,3.18,4,4,4120,4.12,1,8,1.27
Text-no-audio,4b64c952579821447303dffd8349243e_1024x768,shoe,book,book,text,no-audio,3,3,3090,3.09,3,29,3870,3.87,1,4,1.13
Text-no-audio,7752da27ca65dabada33367beaa69f25_1024x768,book,shoe,shoe,text,no-audio,3,9,3270,3.27,3,29,3870,3.87,1,16,1.53
Text-no-audio,99b353c521288473b018bc73ea413736_1024x768,shoe,book,shoe,text,no-audio,3,9,3270,3.27,3,29,3870,3.87,1,16,1.53
Text-no-audio,2fc689559701b9545f50912fdda34409_1024x768,ball,cookie,ball,text,no-audio,3,18,3540,3.54,4,8,4240,4.24,1,10,1.33
Text-no-audio,abb455bc188c65b7213d9b1274cb68ca_1024x768,ball,cookie,cookie,text,no-audio,3,6,3180,3.18,4,4,4120,4.12,1,8,1.27
Text-no-audio,084cf681b4ca321031b587c5ca1ac14a_1024x768,banana,juice,juice,text,no-audio,3,9,3270,3.27,4,6,4180,4.18,1,5,1.17
Text-no-audio,cfa6c940d06669e82dc0a2675729ee9f_1024x768,cookie,ball,ball,text,no-audio,3,18,3540,3.54,4,8,4240,4.24,1,10,1.33
Text-no-audio,4f5c85302b6f3574008d1c9758bd26fc_1024x768,juice,banana,banana,text,no-audio,3,17,3510,3.51,4,10,4300,4.3,1,15,1.5
Text-no-audio,944bc08f5858a1676f591e03038b4206_1024x768,book,shoe,book,text,no-audio,3,3,3090,3.09,3,29,3870,3.87,1,4,1.13
Text-no-audio,db14a5c134be77da744e075ee5938a70_1024x768,ball,cookie,ball,text,no-audio,3,18,3540,3.54,4,8,4240,4.24,1,10,1.33
Text-no-audio,fe4c508d4f47033b099b52a16523f298_1024x768,cookie,ball,ball,text,no-audio,3,18,3540,3.54,4,8,4240,4.24,1,10,1.33
Text-no-audio,1776c0764f32bbaec05efd2a57410f05_1024x768,ball,cookie,cookie,text,no-audio,3,6,3180,3.18,4,4,4120,4.12,1,8,1.27
Bullseye,0a4dd2d47c5816341bf6d27a43e5a559_1024x768,shoe,book,shoe,bullseye,audio,3,9,3270,3.27,3,29,3870,3.87,1,16,1.53
Bullseye,fda5fe3c07003f2672e8a641ca4ccbda_1024x768,book,shoe,shoe,bullseye,audio,3,9,3270,3.27,3,29,3870,3.87,1,16,1.53
Bullseye,174663d9a1ab0163354954f07f5db5c7_1024x768,banana,juice,juice,bullseye,audio,3,9,3270,3.27,4,6,4180,4.18,1,5,1.17
Bullseye,eb3acf47732965eda67d5b43b0595c97_1024x768,banana,juice,banana,bullseye,audio,3,17,3510,3.51,4,10,4300,4.3,1,15,1.5
Bullseye,775a2d09fdd8d0a71408c74ce0872a9f_1024x768,cookie,ball,cookie,bullseye,audio,3,6,3180,3.18,4,4,4120,4.12,1,8,1.27
Bullseye,d54cc224c44b79ffd03533beab8556bb_1024x768,banana,juice,juice,bullseye,audio,3,9,3270,3.27,4,6,4180,4.18,1,5,1.17
Bullseye,c4df888ac882d7f6d035734661d538c9_1024x768,ball,cookie,cookie,bullseye,audio,3,6,3180,3.18,4,4,4120,4.12,1,8,1.27
Bullseye,fdc1c394d28f64ddfb68ca5e879d45a4_1024x768,shoe,book,shoe,bullseye,audio,3,9,3270,3.27,3,29,3870,3.87,1,16,1.53
Bullseye,f7b47603c47d9a69122ddb50468dcb32_1024x768,shoe,book,book,bullseye,audio,3,3,3090,3.09,3,29,3870,3.87,1,4,1.13
Bullseye,64a369d1838ce05ed4df3fcce40bbc02_1024x768,banana,juice,banana,bullseye,audio,3,17,3510,3.51,4,10,4300,4.3,1,15,1.5
Bullseye,5c2d413ab05762280ba65272ef736631_1024x768,juice,banana,banana,bullseye,audio,3,17,3510,3.51,4,10,4300,4.3,1,15,1.5
Bullseye,be94c62f226c0b7ee0e2611abebd259f_1024x768,book,shoe,shoe,bullseye,audio,3,9,3270,3.27,3,29,3870,3.87,1,16,1.53
Bullseye,ae35bf8173a418253f9d5fd6774381a2_1024x768,juice,banana,banana,bullseye,audio,3,17,3510,3.51,4,10,4300,4.3,1,15,1.5
Bullseye,bded6615c4aca634324099a95997a35a_1024x768,ball,cookie,cookie,bullseye,audio,3,6,3180,3.18,4,4,4120,4.12,1,8,1.27
Bullseye,abfb6a80cc886bf7408e0c9f66f442f8_1024x768,ball,cookie,ball,bullseye,audio,3,18,3540,3.54,4,8,4240,4.24,1,10,1.33
Bullseye,8ec4de0e7afc51e04d6b4bbab57c2452_1024x768,book,shoe,book,bullseye,audio,3,3,3090,3.09,3,29,3870,3.87,1,4,1.13
Bullseye,38c3da18c8e62b0ff1ee90b8751ae9db_1024x768,juice,banana,juice,bullseye,audio,3,9,3270,3.27,4,6,4180,4.18,1,5,1.17
Bullseye,de38a30bb5cbfeb9b275803d59195c53_1024x768,ball,cookie,ball,bullseye,audio,3,18,3540,3.54,4,8,4240,4.24,1,10,1.33
Bullseye,0d81190805b19a52166c78ec5ad63b8f_1024x768,cookie,ball,ball,bullseye,audio,3,18,3540,3.54,4,8,4240,4.24,1,10,1.33
Bullseye,90852f6cfea6f738397029610f03270a_1024x768,juice,banana,juice,bullseye,audio,3,9,3270,3.27,4,6,4180,4.18,1,5,1.17
Bullseye,9ef34ee9a6cdbcbff23ab534a85364dc_1024x768,cookie,ball,ball,bullseye,audio,3,18,3540,3.54,4,8,4240,4.24,1,10,1.33
Bullseye,403b2e3182e0ebfa41e5a09b4b0ed8ff_1024x768,shoe,book,book,bullseye,audio,3,3,3090,3.09,3,29,3870,3.87,1,4,1.13
Bullseye,922b93edf1a6d43c6c49b8b289fb5799_1024x768,book,shoe,book,bullseye,audio,3,3,3090,3.09,3,29,3870,3.87,1,4,1.13
Bullseye,b43ead8ac292475e719e08bcc3aa4396_1024x768,cookie,ball,cookie,bullseye,audio,3,6,3180,3.18,4,4,4120,4.12,1,8,1.27
Text,916c0d434d4a381f5324a9d4e82ad6d3_1024x768,banana,juice,banana,text,audio,3,17,3510,3.51,4,10,4300,4.3,1,15,1.5
Text,72d2fbac50791a7ee88f8592bd31ae83_1024x768,book,shoe,shoe,text,audio,3,9,3270,3.27,3,29,3870,3.87,1,16,1.53
Text,b0d919fa9f1b6335757c8d4ca0b9b5f9_1024x768,juice,banana,banana,text,audio,3,17,3510,3.51,4,10,4300,4.3,1,15,1.5
Text,3d9d4398722c7cdabd80b6ef7f112a3c_1024x768,book,shoe,shoe,text,audio,3,9,3270,3.27,3,29,3870,3.87,1,16,1.53
Text,307ecb423aae9c3b1194d6db0de72791_1024x768,ball,cookie,cookie,text,audio,3,6,3180,3.18,4,4,4120,4.12,1,8,1.27
Text,e53a90735a6c2a14b2056e0a3989be5c_1024x768,juice,banana,banana,text,audio,3,17,3510,3.51,4,10,4300,4.3,1,15,1.5
Text,36aac5da8046dc8a94aef99bdd0dd5cd_1024x768,cookie,ball,cookie,text,audio,3,6,3180,3.18,4,4,4120,4.12,1,8,1.27
Text,f9b7bd19bfa650c655d25f1adb29f91c_1024x768,ball,cookie,ball,text,audio,3,18,3540,3.54,4,8,4240,4.24,1,10,1.33
Text,90b28a0d49f4f198a70a63c3d6f3a212_1024x768,shoe,book,shoe,text,audio,3,9,3270,3.27,3,29,3870,3.87,1,16,1.53
Text,e9d94076ef6bbeebdd4958cd75db51a9_1024x768,cookie,ball,cookie,text,audio,3,6,3180,3.18,4,4,4120,4.12,1,8,1.27
Text,9f28f80f56839abfc19a07b24970a53c_1024x768,ball,cookie,cookie,text,audio,3,6,3180,3.18,4,4,4120,4.12,1,8,1.27
Text,56a752aa6cacf04465d5ffb9c1b63b40_1024x768,shoe,book,shoe,text,audio,3,9,3270,3.27,3,29,3870,3.87,1,16,1.53
Text,7e5f49efc0a739b86577f8819f02996f_1024x768,juice,banana,juice,text,audio,3,9,3270,3.27,4,6,4180,4.18,1,5,1.17
Text,6c63bc5883d5825b38a6f210d41eafbc_1024x768,book,shoe,book,text,audio,3,3,3090,3.09,3,29,3870,3.87,1,4,1.13
Text,eadd2dcf4919952a7d93dbe8fe5db919_1024x768,cookie,ball,ball,text,audio,3,18,3540,3.54,4,8,4240,4.24,1,10,1.33
Text,cd65b80d7e48269e02b953123ccbd81a_1024x768,banana,juice,juice,text,audio,3,9,3270,3.27,4,6,4180,4.18,1,5,1.17
Text,96f8c96e4f11b28e532f58b88d9741e5_1024x768,shoe,book,book,text,audio,3,3,3090,3.09,3,29,3870,3.87,1,4,1.13
Text,2176434b4eb17ca2315e145af852e60d_1024x768,cookie,ball,ball,text,audio,3,18,3540,3.54,4,8,4240,4.24,1,10,1.33
Text,9bda5ac9672b4793d56d14f8a6903a6c_1024x768,book,shoe,book,text,audio,3,3,3090,3.09,3,29,3870,3.87,1,4,1.13
Text,85237e7c98794051966c60e294d66431_1024x768,shoe,book,book,text,audio,3,3,3090,3.09,3,29,3870,3.87,1,4,1.13
Text,160f71ccfa1e89327fc5cb64df11910a_1024x768,ball,cookie,ball,text,audio,3,18,3540,3.54,4,8,4240,4.24,1,10,1.33
Text,8bce1d40a6ac138efa64313d22930108_1024x768,juice,banana,juice,text,audio,3,9,3270,3.27,4,6,4180,4.18,1,5,1.17
Text,bbf5275ea0216676a84de2e6b58d164a_1024x768,banana,juice,juice,text,audio,3,9,3270,3.27,4,6,4180,4.18,1,5,1.17
Text,14b27193f8609ed0c49d99ca0e7868cb_1024x768,banana,juice,banana,text,audio,3,17,3510,3.51,4,10,4300,4.3,1,15,1.5
Face,a6ac87e67dccd60acb5ccc2372fc2608_1024x768,book,shoe,shoe,face,audio,3,9,3270,3.27,3,29,3870,3.87,1,16,1.53
Face,403c10fa1eb73231c3fb750edf193068_1024x768,cookie,ball,cookie,face,audio,3,6,3180,3.18,4,4,4120,4.12,1,8,1.27
Face,38b000d0b52e7729b309f2ee121b0643_1024x768,ball,cookie,cookie,face,audio,3,6,3180,3.18,4,4,4120,4.12,1,8,1.27
Face,ac1c5a3b9c943468201c65b2cd33f826_1024x768,juice,banana,juice,face,audio,3,9,3270,3.27,4,6,4180,4.18,1,5,1.17
Face,2b7bae10d3168ca187477ba026d1170a_1024x768,banana,juice,juice,face,audio,3,9,3270,3.27,4,6,4180,4.18,1,5,1.17
Face,b52024bfbb200e39f2a4ebe157cf52a2_1024x768,juice,banana,banana,face,audio,3,17,3510,3.51,4,10,4300,4.3,1,15,1.5
Face,54addee71185bd97fdf59c7de9862947_1024x768,juice,banana,juice,face,audio,3,9,3270,3.27,4,6,4180,4.18,1,5,1.17
Face,c3a119449f4708d04af4dc219973d39c_1024x768,juice,banana,banana,face,audio,3,17,3510,3.51,4,10,4300,4.3,1,15,1.5
Face,6ded68702c5e528e8bf03625795df17b_1024x768,cookie,ball,ball,face,audio,3,18,3540,3.54,4,8,4240,4.24,1,10,1.33
Face,afd7007189247163013f4ce2f8343a44_1024x768,cookie,ball,ball,face,audio,3,18,3540,3.54,4,8,4240,4.24,1,10,1.33
Face,4e8541f701a17f8af88fe3018a07e3bd_1024x768,shoe,book,shoe,face,audio,3,9,3270,3.27,3,29,3870,3.87,1,16,1.53
Face,74312c7d84bf35deca1b0ef453444d84_1024x768,shoe,book,book,face,audio,3,3,3090,3.09,3,29,3870,3.87,1,4,1.13
Face,dc965fb258964ca102734d7f5a4fa15f_1024x768,shoe,book,book,face,audio,3,3,3090,3.09,3,29,3870,3.87,1,4,1.13
Face,03a685df470d5e0bdd07e7c494c8c5d5_1024x768,book,shoe,book,face,audio,3,3,3090,3.09,3,29,3870,3.87,1,4,1.13
Face,7058b349489b03aa02cce6efbc5077fe_1024x768,ball,cookie,ball,face,audio,3,18,3540,3.54,4,8,4240,4.24,1,10,1.33
Face,06d74ad70336b491c485d9e380033289_1024x768,shoe,book,shoe,face,audio,3,9,3270,3.27,3,29,3870,3.87,1,16,1.53
Face,be46b686238133ca33f9c5753c1bba90_1024x768,ball,cookie,ball,face,audio,3,18,3540,3.54,4,8,4240,4.24,1,10,1.33
Face,468631b8e1c1d7732d930c01406e56e4_1024x768,book,shoe,shoe,face,audio,3,9,3270,3.27,3,29,3870,3.87,1,16,1.53
Face,e255c57582b50ca8c28322374859ca57_1024x768,banana,juice,banana,face,audio,3,17,3510,3.51,4,10,4300,4.3,1,15,1.5
Face,f416258493c5eca2e15497135ad9ab5b_1024x768,banana,juice,banana,face,audio,3,17,3510,3.51,4,10,4300,4.3,1,15,1.5
Face,78b4d0366f84ca2b340b97f96fe46df1_1024x768,cookie,ball,cookie,face,audio,3,6,3180,3.18,4,4,4120,4.12,1,8,1.27
Face,2994977e4cb65e6713da95108298f99c_1024x768,banana,juice,juice,face,audio,3,9,3270,3.27,4,6,4180,4.18,1,5,1.17
Face,b5c0beae668df173200badc371364820_1024x768,book,shoe,book,face,audio,3,3,3090,3.09,3,29,3870,3.87,1,4,1.13
Face,b592ee671b413538c7fd52b6f857dd76_1024x768,ball,cookie,cookie,face,audio,3,6,3180,3.18,4,4,4120,4.12,1,8,1.27
