left_image,right_image,target_image,stimulus,center,stimulus_name,finished?,noun,noun_type,frequency,speaker,gaze,noise_condition,carrier,sentence_onset_sec,sentence_onset_frames,carrier_onset_sec,carrier_onset_frames,noun_onset_sec,noun_onset_frames,noun_offset_sec,noun_offset_frames,sentence_offset_sec,sentence_offset_frames,gaze_onset_sec,gaze_onset_frames,gaze_offset_sec,gaze_offset_frames,trial_onset,trial_offset_sec,trial_offset_frames,gaze_condition,condition_long
boat,juice,boat,0386457c0ec49a98bb33ee704630d427_1920x1080,face,ol_sa_boat_nonoise_hey,yes,boat,familiar,high,ol,straight_ahead,no_noise,hey,3,4,4,17,5,20,6,5,6,5,NA,NA,NA,NA,0,8,5,no_gaze,no_noise_no_gaze
bunny,chicken,chicken,03fc8da66146ce4a669e7413baf9e611_1920x1080,face,ol_sa_chicken_nonoise_hey,yes,chicken,familiar,high,ol,straight_ahead,no_noise,hey,3,17,5,3,6,3,6,22,6,22,NA,NA,NA,NA,0,8,22,no_gaze,no_noise_no_gaze
bunny,chicken,bunny,05b2e96821e1c635d4a8fcd1715e043a_1920x1080,face,gr_sa_bunny_noise_look,yes,bunny,familiar,high,gr,straight_ahead,noise,look,3,4,4,16,5,10,5,22,5,22,NA,NA,NA,NA,0,7,22,no_gaze,noise_no_gaze
chicken,bunny,bunny,08985fb4f01bc790a8a3ee89bf162a3e_1920x1080,face,gr_sa_bunny_noise_hey,yes,bunny,familiar,high,gr,straight_ahead,noise,hey,3,16,5,0,6,5,6,15,6,15,NA,NA,NA,NA,0,8,17,no_gaze,noise_no_gaze
bunny,chicken,chicken,0899f185c4ac2e0e3d21b25f3cccf988_1920x1080,face,ol_sa_chicken_noise_look,yes,chicken,familiar,high,ol,straight_ahead,noise,look,3,9,4,23,5,15,6,4,6,4,NA,NA,NA,NA,0,8,4,no_gaze,noise_no_gaze
ball,shoe,ball,0924f060d86580137d49efb5605ea4c4_1920x1080,face,gr_sa_ball_noise_hey,yes,ball,familiar,high,gr,straight_ahead,noise,hey,3,8,4,20,5,24,6,8,6,8,NA,NA,NA,NA,0,8,8,no_gaze,noise_no_gaze
shoe,ball,ball,0ad6fbdf4dbb2054ecd1f538739b83ae_1920x1080,face,gr_sa_ball_noise_look,yes,ball,familiar,high,gr,straight_ahead,noise,look,3,1,4,21,5,12,5,24,5,24,NA,NA,NA,NA,0,7,25,no_gaze,noise_no_gaze
bunny,chicken,chicken,0b197cc651428c16f13c952fb175c22a_1920x1080,face,gr_sa_chicken_noise_look,yes,chicken,familiar,high,gr,straight_ahead,noise,look,3,12,4,25,5,16,6,0,6,0,NA,NA,NA,NA,0,8,0,no_gaze,noise_no_gaze
boat,juice,boat,0dfb067fa80e6a13ba69eec181b708dd_1920x1080,face,ol_sa_boat_noise_look,yes,boat,familiar,high,ol,straight_ahead,noise,look,3,15,5,0,5,22,6,9,6,9,NA,NA,NA,NA,0,8,9,no_gaze,noise_no_gaze
shoe,ball,shoe,10cf5411cbe2e35678b780c9dab06d58_1920x1080,face,gr_sa_shoe_noise_hey,yes,shoe,familiar,high,gr,straight_ahead,noise,hey,3,4,5,0,6,2,6,23,6,23,NA,NA,NA,NA,0,8,22,no_gaze,noise_no_gaze
bottle,cookie,cookie,14683d8eaaf0b8f393c837fdaab25c68_1920x1080,face,ol_sa_cookie_nonoise_hey,yes,cookie,familiar,high,ol,straight_ahead,no_noise,hey,3,16,4,28,5,29,6,13,6,13,NA,NA,NA,NA,0,8,14,no_gaze,no_noise_no_gaze
bottle,cookie,bottle,157a926d8e60f40c6113e5e5c08e7efd_1920x1080,face,gr_sa_bottle_nonoise_look,yes,bottle,familiar,high,gr,straight_ahead,no_noise,look,3,7,4,23,5,15,5,28,5,28,NA,NA,NA,NA,0,7,28,no_gaze,no_noise_no_gaze
juice,boat,boat,1853b9b1d0c5c9ea3cb5b5be610ba4d7_1920x1080,face,gr_sa_boat_nonoise_hey,yes,boat,familiar,high,gr,straight_ahead,no_noise,hey,2,26,4,8,5,16,6,1,6,1,NA,NA,NA,NA,0,8,1,no_gaze,no_noise_no_gaze
cookie,bottle,cookie,19e235fa971c0cc20d55f1845e5db635_1920x1080,face,ol_sa_cookie_nonoise_hey,yes,cookie,familiar,high,ol,straight_ahead,no_noise,hey,3,16,4,28,5,29,6,13,6,13,NA,NA,NA,NA,0,8,14,no_gaze,no_noise_no_gaze
bottle,cookie,cookie,1b5f1cb37ad2a28e2ea11104d6c5dcaa_1920x1080,face,ol_sa_cookie_noise_hey,yes,cookie,familiar,high,ol,straight_ahead,noise,hey,3,16,4,28,5,29,6,13,6,13,NA,NA,NA,NA,0,8,14,no_gaze,noise_no_gaze
ball,shoe,ball,1b9e3d47ba81e672ad9480f2c56f5e04_1920x1080,face,gr_sa_ball_noise_hey,yes,ball,familiar,high,gr,straight_ahead,noise,hey,3,8,4,20,5,24,6,8,6,8,NA,NA,NA,NA,0,8,8,no_gaze,noise_no_gaze
juice,boat,boat,1c2f090adea3b247a8d089d866b6449f_1920x1080,face,ol_sa_boat_nonoise_hey,yes,boat,familiar,high,ol,straight_ahead,no_noise,hey,3,4,4,17,5,20,6,5,6,5,NA,NA,NA,NA,0,8,5,no_gaze,no_noise_no_gaze
bottle,cookie,bottle,1d8c003eb40524610321bb104bba1495_1920x1080,face,gr_sa_bottle_noise_hey,yes,bottle,familiar,high,gr,straight_ahead,noise,hey,3,5,4,8,5,12,5,25,5,25,NA,NA,NA,NA,0,7,25,no_gaze,noise_no_gaze
bunny,chicken,bunny,22622f571733dd5ecbfebc6969c2a9cc_1920x1080,face,ol_sa_bunny_nonoise_look,yes,bunny,familiar,high,ol,straight_ahead,no_noise,look,3,10,4,22,5,12,5,26,5,26,NA,NA,NA,NA,0,7,26,no_gaze,no_noise_no_gaze
chicken,bunny,bunny,24a08ebe762c0bc7f4781bae64bc7055_1920x1080,face,gr_sa_bunny_nonoise_hey,yes,bunny,familiar,high,gr,straight_ahead,no_noise,hey,3,16,5,0,6,5,6,15,6,15,NA,NA,NA,NA,0,8,17,no_gaze,no_noise_no_gaze
cookie,bottle,cookie,256281175039d1ecfb6f5689aea1468f_1920x1080,face,ol_sa_cookie_noise_hey,yes,cookie,familiar,high,ol,straight_ahead,noise,hey,3,16,4,28,5,29,6,13,6,13,NA,NA,NA,NA,0,8,14,no_gaze,noise_no_gaze
juice,boat,juice,2602642e7fe0ea4f5e1f52c4078b439b_1920x1080,face,gr_sa_juice_nonoise_hey,yes,juice,familiar,high,gr,straight_ahead,no_noise,hey,3,3,4,23,5,26,6,18,6,18,NA,NA,NA,NA,0,8,17,no_gaze,no_noise_no_gaze
boat,juice,juice,2890e15fc4aa4823e738f64a2c2478dd_1920x1080,face,gr_sa_juice_noise_look,yes,juice,familiar,high,gr,straight_ahead,noise,look,3,0,4,12,5,7,5,29,5,29,NA,NA,NA,NA,0,7,29,no_gaze,noise_no_gaze
boat,juice,boat,294a5de647a0cb9e859543944cf79f4e_1920x1080,face,gr_sa_boat_noise_hey,yes,boat,familiar,high,gr,straight_ahead,noise,hey,2,26,4,8,5,16,6,1,6,1,NA,NA,NA,NA,0,8,1,no_gaze,noise_no_gaze
chicken,bunny,bunny,29bb749540761d4b4a59db43057564ba_1920x1080,face,ol_sa_bunny_noise_hey,yes,bunny,familiar,high,ol,straight_ahead,noise,hey,3,18,5,2,6,6,6,19,6,19,NA,NA,NA,NA,0,8,19,no_gaze,noise_no_gaze
chicken,bunny,chicken,2a5dec4e2fed3f0f44f014b474d04191_1920x1080,face,gr_sa_chicken_nonoise_look,yes,chicken,familiar,high,gr,straight_ahead,no_noise,look,3,12,4,25,5,16,6,0,6,0,NA,NA,NA,NA,0,8,0,no_gaze,no_noise_no_gaze
shoe,ball,shoe,2b03a1e3cd7e8f8020a9e66eb1a7ec21_1920x1080,face,gr_sa_shoe_nonoise_hey,yes,shoe,familiar,high,gr,straight_ahead,no_noise,hey,3,4,5,0,6,2,6,23,6,23,NA,NA,NA,NA,0,8,22,no_gaze,no_noise_no_gaze
ball,shoe,ball,2b8efd02bf50d4bff973025405ac8ccc_1920x1080,face,gr_sa_ball_nonoise_hey,yes,ball,familiar,high,gr,straight_ahead,no_noise,hey,3,8,4,20,5,24,6,8,6,8,NA,NA,NA,NA,0,8,8,no_gaze,no_noise_no_gaze
cookie,bottle,bottle,2de22ea94b88382e1ef3a7460144abab_1920x1080,face,ol_sa_bottle_nonoise_look,yes,bottle,familiar,high,ol,straight_ahead,no_noise,look,3,1,4,11,5,1,5,16,5,16,NA,NA,NA,NA,0,7,16,no_gaze,no_noise_no_gaze
boat,juice,juice,309750d802a1bfadfdfdbd992db4e532_1920x1080,face,gr_sa_juice_noise_look,yes,juice,familiar,high,gr,straight_ahead,noise,look,3,0,4,12,5,7,5,29,5,29,NA,NA,NA,NA,0,7,29,no_gaze,noise_no_gaze
bunny,chicken,bunny,313f6f00cb0a5b810714a6b160f32cc9_1920x1080,face,gr_sa_bunny_noise_hey,yes,bunny,familiar,high,gr,straight_ahead,noise,hey,3,16,5,0,6,5,6,15,6,15,NA,NA,NA,NA,0,8,17,no_gaze,noise_no_gaze
bunny,chicken,bunny,3257ffb5735c4ee996d41b31e9c7277e_1920x1080,face,gr_sa_bunny_nonoise_look,yes,bunny,familiar,high,gr,straight_ahead,no_noise,look,3,4,4,16,5,10,5,22,5,22,NA,NA,NA,NA,0,7,22,no_gaze,no_noise_no_gaze
ball,shoe,shoe,32aeea19bbde65afb983cdec21855e84_1920x1080,face,ol_sa_shoe_nonoise_hey,yes,shoe,familiar,high,ol,straight_ahead,no_noise,hey,2,25,4,9,5,5,5,25,5,25,NA,NA,NA,NA,0,7,25,no_gaze,no_noise_no_gaze
chicken,bunny,bunny,33e419f6dfe4f9f18db44fb89a826ff5_1920x1080,face,gr_sa_bunny_noise_hey,yes,bunny,familiar,high,gr,straight_ahead,noise,hey,3,16,5,0,6,5,6,15,6,15,NA,NA,NA,NA,0,8,17,no_gaze,noise_no_gaze
bottle,cookie,bottle,3405cde944f270f3730aac4fc7a4e349_1920x1080,face,ol_sa_bottle_noise_look,yes,bottle,familiar,high,ol,straight_ahead,noise,look,3,1,4,11,5,1,5,16,5,16,NA,NA,NA,NA,0,7,16,no_gaze,noise_no_gaze
chicken,bunny,chicken,35a85fdf4fd14d50b7ef5a561d1c5906_1920x1080,face,ol_sa_chicken_nonoise_hey,yes,chicken,familiar,high,ol,straight_ahead,no_noise,hey,3,17,5,3,6,3,6,22,6,22,NA,NA,NA,NA,0,8,22,no_gaze,no_noise_no_gaze
bottle,cookie,cookie,37ec81722193b0ddfac38292a1166e5d_1920x1080,face,gr_sa_cookie_noise_hey,yes,cookie,familiar,high,gr,straight_ahead,noise,hey,3,5,4,14,5,15,5,29,5,29,NA,NA,NA,NA,0,7,29,no_gaze,noise_no_gaze
chicken,bunny,chicken,3d48af4c701c4f75e62f108607bf45c2_1920x1080,face,gr_sa_chicken_nonoise_hey,yes,chicken,familiar,high,gr,straight_ahead,no_noise,hey,3,3,4,8,5,13,5,28,5,28,NA,NA,NA,NA,0,7,28,no_gaze,no_noise_no_gaze
bunny,chicken,bunny,3d4ae45d7e25698d7dd38058f67c1583_1920x1080,face,ol_sa_bunny_noise_look,yes,bunny,familiar,high,ol,straight_ahead,noise,look,3,10,4,22,5,12,5,26,5,26,NA,NA,NA,NA,0,7,26,no_gaze,noise_no_gaze
boat,juice,boat,3f88bf6bae6652c709fc2eba772b5691_1920x1080,face,ol_sa_boat_nonoise_hey,yes,boat,familiar,high,ol,straight_ahead,no_noise,hey,3,4,4,17,5,20,6,5,6,5,NA,NA,NA,NA,0,8,5,no_gaze,no_noise_no_gaze
bottle,cookie,cookie,40668db3c15a913d63e685137b19fce2_1920x1080,face,gr_sa_cookie_noise_hey,yes,cookie,familiar,high,gr,straight_ahead,noise,hey,3,5,4,14,5,15,5,29,5,29,NA,NA,NA,NA,0,7,29,no_gaze,noise_no_gaze
boat,juice,juice,40f68700725300786b5a1e5e6dced319_1920x1080,face,ol_sa_juice_nonoise_look,yes,juice,familiar,high,ol,straight_ahead,no_noise,look,2,29,4,16,5,8,5,27,5,27,NA,NA,NA,NA,0,7,27,no_gaze,no_noise_no_gaze
boat,juice,boat,4100923081c10a756f6de1704d5dd4b7_1920x1080,face,gr_sa_boat_nonoise_hey,yes,boat,familiar,high,gr,straight_ahead,no_noise,hey,2,26,4,8,5,16,6,1,6,1,NA,NA,NA,NA,0,8,1,no_gaze,no_noise_no_gaze
cookie,bottle,cookie,417d59424451d63ee50a5f9af449bf9a_1920x1080,face,gr_sa_cookie_nonoise_hey,yes,cookie,familiar,high,gr,straight_ahead,no_noise,hey,3,5,4,14,5,15,5,29,5,29,NA,NA,NA,NA,0,7,29,no_gaze,no_noise_no_gaze
shoe,ball,ball,4364cd597f26ce60fd7e3ab3eb8ceb6c_1920x1080,face,gr_sa_ball_noise_look,yes,ball,familiar,high,gr,straight_ahead,noise,look,3,1,4,21,5,12,5,24,5,24,NA,NA,NA,NA,0,7,25,no_gaze,noise_no_gaze
bottle,cookie,bottle,43b5a718b425482a52f14085bfd5ec31_1920x1080,face,gr_sa_bottle_noise_hey,yes,bottle,familiar,high,gr,straight_ahead,noise,hey,3,5,4,8,5,12,5,25,5,25,NA,NA,NA,NA,0,7,25,no_gaze,noise_no_gaze
ball,shoe,ball,44b8953e5f3ac455a1318204aa353f48_1920x1080,face,ol_sa_ball_nonoise_look,yes,ball,familiar,high,ol,straight_ahead,no_noise,look,3,19,5,2,5,25,6,11,6,11,NA,NA,NA,NA,0,8,11,no_gaze,no_noise_no_gaze
cookie,bottle,cookie,45f465d84cb522470b4a888bee5cb413_1920x1080,face,ol_sa_cookie_nonoise_look,yes,cookie,familiar,high,ol,straight_ahead,no_noise,look,3,1,4,15,5,5,5,20,5,20,NA,NA,NA,NA,0,7,20,no_gaze,no_noise_no_gaze
cookie,bottle,bottle,4bd5664d5617a407399444713e2150a0_1920x1080,face,ol_sa_bottle_nonoise_look,yes,bottle,familiar,high,ol,straight_ahead,no_noise,look,3,1,4,11,5,1,5,16,5,16,NA,NA,NA,NA,0,7,16,no_gaze,no_noise_no_gaze
bunny,chicken,bunny,4f1957d3787e87c37450f02a4d15dbc3_1920x1080,face,gr_sa_bunny_nonoise_look,yes,bunny,familiar,high,gr,straight_ahead,no_noise,look,3,4,4,16,5,10,5,22,5,22,NA,NA,NA,NA,0,7,22,no_gaze,no_noise_no_gaze
cookie,bottle,cookie,4fd436e5c15a414d46d3f9b23b20f14e_1920x1080,face,ol_sa_cookie_nonoise_hey,yes,cookie,familiar,high,ol,straight_ahead,no_noise,hey,3,16,4,28,5,29,6,13,6,13,NA,NA,NA,NA,0,8,14,no_gaze,no_noise_no_gaze
juice,boat,juice,52f94e5dc31a2d271f3e13b5e8dfbb59_1920x1080,face,gr_sa_juice_nonoise_hey,yes,juice,familiar,high,gr,straight_ahead,no_noise,hey,3,3,4,23,5,26,6,18,6,18,NA,NA,NA,NA,0,8,17,no_gaze,no_noise_no_gaze
ball,shoe,shoe,55593aca673b0b34d318087cf68321d9_1920x1080,face,gr_sa_shoe_nonoise_hey,yes,shoe,familiar,high,gr,straight_ahead,no_noise,hey,3,4,5,0,6,2,6,23,6,23,NA,NA,NA,NA,0,8,22,no_gaze,no_noise_no_gaze
bunny,chicken,chicken,56a872258b19efb0d24f69f3ec34cdb1_1920x1080,face,ol_sa_chicken_nonoise_hey,yes,chicken,familiar,high,ol,straight_ahead,no_noise,hey,3,17,5,3,6,3,6,22,6,22,NA,NA,NA,NA,0,8,22,no_gaze,no_noise_no_gaze
cookie,bottle,bottle,56d8af19c35553e9701044da8269b69b_1920x1080,face,gr_sa_bottle_nonoise_look,yes,bottle,familiar,high,gr,straight_ahead,no_noise,look,3,7,4,23,5,15,5,28,5,28,NA,NA,NA,NA,0,7,28,no_gaze,no_noise_no_gaze
shoe,ball,shoe,5b8bc3ae67aa86e8d824f01a80a61df4_1920x1080,face,ol_sa_shoe_nonoise_hey,yes,shoe,familiar,high,ol,straight_ahead,no_noise,hey,2,25,4,9,5,5,5,25,5,25,NA,NA,NA,NA,0,7,25,no_gaze,no_noise_no_gaze
boat,juice,boat,5c911c595452cee9c61ee51cbda7fe97_1920x1080,face,ol_sa_boat_noise_hey,yes,boat,familiar,high,ol,straight_ahead,noise,hey,3,4,4,17,5,20,6,5,6,5,NA,NA,NA,NA,0,8,5,no_gaze,noise_no_gaze
cookie,bottle,bottle,5e38dce920f08c1035628dd6673c941c_1920x1080,face,gr_sa_bottle_noise_look,yes,bottle,familiar,high,gr,straight_ahead,noise,look,3,7,4,23,5,15,5,28,5,28,NA,NA,NA,NA,0,7,28,no_gaze,noise_no_gaze
ball,shoe,shoe,60151b2ffd72eca9528f511400f170bf_1920x1080,face,ol_sa_shoe_noise_hey,yes,shoe,familiar,high,ol,straight_ahead,noise,hey,2,25,4,9,5,5,5,25,5,25,NA,NA,NA,NA,0,7,25,no_gaze,noise_no_gaze
shoe,ball,ball,61a9f61ea3bcc4f8a842aa56d7a9ea91_1920x1080,face,ol_sa_ball_noise_look,yes,ball,familiar,high,ol,straight_ahead,noise,look,3,19,5,2,5,25,6,11,6,11,NA,NA,NA,NA,0,8,11,no_gaze,noise_no_gaze
bottle,cookie,cookie,64258128d4ba7197c9cb85393eb2dc7b_1920x1080,face,ol_sa_cookie_nonoise_hey,yes,cookie,familiar,high,ol,straight_ahead,no_noise,hey,3,16,4,28,5,29,6,13,6,13,NA,NA,NA,NA,0,8,14,no_gaze,no_noise_no_gaze
juice,boat,boat,67d4a5d40282576cde4e449e90f8630b_1920x1080,face,gr_sa_boat_nonoise_look,yes,boat,familiar,high,gr,straight_ahead,no_noise,look,3,0,4,14,5,8,5,18,5,18,NA,NA,NA,NA,0,7,18,no_gaze,no_noise_no_gaze
shoe,ball,ball,6b4f7867e1911068cc9c93f3388a74c8_1920x1080,face,ol_sa_ball_nonoise_look,yes,ball,familiar,high,ol,straight_ahead,no_noise,look,3,19,5,2,5,25,6,11,6,11,NA,NA,NA,NA,0,8,11,no_gaze,no_noise_no_gaze
chicken,bunny,chicken,6d005b4ee1cd8121d63ab3e04c3b6b9b_1920x1080,face,ol_sa_chicken_noise_look,yes,chicken,familiar,high,ol,straight_ahead,noise,look,3,9,4,23,5,15,6,4,6,4,NA,NA,NA,NA,0,8,4,no_gaze,noise_no_gaze
juice,boat,boat,6e3063067e879be20ef7a9374e98973c_1920x1080,face,gr_sa_boat_noise_look,yes,boat,familiar,high,gr,straight_ahead,noise,look,3,0,4,14,5,8,5,18,5,18,NA,NA,NA,NA,0,7,18,no_gaze,noise_no_gaze
ball,shoe,shoe,6e3ab35a5be379f36a0ac3cef9b683f4_1920x1080,face,gr_sa_shoe_noise_look,yes,shoe,familiar,high,gr,straight_ahead,noise,look,2,21,4,10,5,2,5,21,5,21,NA,NA,NA,NA,0,7,21,no_gaze,noise_no_gaze
chicken,bunny,bunny,6e7340b819f17715dbd019f51b593280_1920x1080,face,gr_sa_bunny_nonoise_look,yes,bunny,familiar,high,gr,straight_ahead,no_noise,look,3,4,4,16,5,10,5,22,5,22,NA,NA,NA,NA,0,7,22,no_gaze,no_noise_no_gaze
chicken,bunny,bunny,70a5da77ea50b20ac4a706b7fcb5bb2b_1920x1080,face,ol_sa_bunny_noise_hey,yes,bunny,familiar,high,ol,straight_ahead,noise,hey,3,18,5,2,6,6,6,19,6,19,NA,NA,NA,NA,0,8,19,no_gaze,noise_no_gaze
chicken,bunny,bunny,70c86639f21c692cc6a35580d850aa4d_1920x1080,face,ol_sa_bunny_nonoise_look,yes,bunny,familiar,high,ol,straight_ahead,no_noise,look,3,10,4,22,5,12,5,26,5,26,NA,NA,NA,NA,0,7,26,no_gaze,no_noise_no_gaze
bottle,cookie,cookie,7211900ba64df5f7c1304f13a440b663_1920x1080,face,gr_sa_cookie_noise_look,yes,cookie,familiar,high,gr,straight_ahead,noise,look,3,23,5,5,5,26,6,10,6,10,NA,NA,NA,NA,0,8,10,no_gaze,noise_no_gaze
ball,shoe,ball,722865caab5f199307b1d455225081fb_1920x1080,face,ol_sa_ball_noise_hey,yes,ball,familiar,high,ol,straight_ahead,noise,hey,2,25,4,0,5,3,5,19,5,19,NA,NA,NA,NA,0,7,20,no_gaze,noise_no_gaze
juice,boat,boat,737919ab7972f6faed1bffc0257fc1bd_1920x1080,face,ol_sa_boat_noise_hey,yes,boat,familiar,high,ol,straight_ahead,noise,hey,3,4,4,17,5,20,6,5,6,5,NA,NA,NA,NA,0,8,5,no_gaze,noise_no_gaze
chicken,bunny,chicken,73cb1a9c089a11a976a0dd81f464ef64_1920x1080,face,ol_sa_chicken_noise_look,yes,chicken,familiar,high,ol,straight_ahead,noise,look,3,9,4,23,5,15,6,4,6,4,NA,NA,NA,NA,0,8,4,no_gaze,noise_no_gaze
shoe,ball,ball,744bf5bcea5a20ac555ff58202581997_1920x1080,face,gr_sa_ball_noise_look,yes,ball,familiar,high,gr,straight_ahead,noise,look,3,1,4,21,5,12,5,24,5,24,NA,NA,NA,NA,0,7,25,no_gaze,noise_no_gaze
shoe,ball,shoe,751be9a59fc4469ac487f0a8ff03db21_1920x1080,face,gr_sa_shoe_noise_look,yes,shoe,familiar,high,gr,straight_ahead,noise,look,2,21,4,10,5,2,5,21,5,21,NA,NA,NA,NA,0,7,21,no_gaze,noise_no_gaze
juice,boat,boat,7b86fa997ecaa45bb2b3c1df21bad0d3_1920x1080,face,gr_sa_boat_noise_look,yes,boat,familiar,high,gr,straight_ahead,noise,look,3,0,4,14,5,8,5,18,5,18,NA,NA,NA,NA,0,7,18,no_gaze,noise_no_gaze
shoe,ball,shoe,7bb3ac52734d19f9bf380bf1391322d2_1920x1080,face,ol_sa_shoe_nonoise_look,yes,shoe,familiar,high,ol,straight_ahead,no_noise,look,2,29,4,13,5,3,5,24,5,24,NA,NA,NA,NA,0,7,24,no_gaze,no_noise_no_gaze
chicken,bunny,bunny,7deb99dabc7c9aba09b231401b59f2e0_1920x1080,face,gr_sa_bunny_noise_hey,yes,bunny,familiar,high,gr,straight_ahead,noise,hey,3,16,5,0,6,5,6,15,6,15,NA,NA,NA,NA,0,8,17,no_gaze,noise_no_gaze
bunny,chicken,chicken,7deedf2600d27a42adb67cb77a5a0ef2_1920x1080,face,gr_sa_chicken_nonoise_hey,yes,chicken,familiar,high,gr,straight_ahead,no_noise,hey,3,3,4,8,5,13,5,28,5,28,NA,NA,NA,NA,0,7,28,no_gaze,no_noise_no_gaze
cookie,bottle,bottle,85f26c678c95b30b28ae5ea7279a22b8_1920x1080,face,ol_sa_bottle_noise_look,yes,bottle,familiar,high,ol,straight_ahead,noise,look,3,1,4,11,5,1,5,16,5,16,NA,NA,NA,NA,0,7,16,no_gaze,noise_no_gaze
cookie,bottle,cookie,87215bba15aa00eb954f625f1aa0ab61_1920x1080,face,gr_sa_cookie_noise_hey,yes,cookie,familiar,high,gr,straight_ahead,noise,hey,3,5,4,14,5,15,5,29,5,29,NA,NA,NA,NA,0,7,29,no_gaze,noise_no_gaze
ball,shoe,shoe,8861971914fbe81c9960533834874a6b_1920x1080,face,ol_sa_shoe_noise_look,yes,shoe,familiar,high,ol,straight_ahead,noise,look,2,29,4,13,5,3,5,21,5,21,NA,NA,NA,NA,0,7,21,no_gaze,noise_no_gaze
juice,boat,juice,88a4c54e1c3ec4e252b727b7596425e8_1920x1080,face,ol_sa_juice_nonoise_hey,yes,juice,familiar,high,ol,straight_ahead,no_noise,hey,2,19,3,29,4,28,5,12,5,12,NA,NA,NA,NA,0,7,12,no_gaze,no_noise_no_gaze
boat,juice,boat,8b8af5d11ffd5d6564f4b1e04f8a9039_1920x1080,face,gr_sa_boat_noise_hey,yes,boat,familiar,high,gr,straight_ahead,noise,hey,2,26,4,8,5,16,6,1,6,1,NA,NA,NA,NA,0,8,1,no_gaze,noise_no_gaze
boat,juice,juice,904f4da981b899dc420a0b03ac008104_1920x1080,face,gr_sa_juice_nonoise_look,yes,juice,familiar,high,gr,straight_ahead,no_noise,look,3,0,4,12,5,7,5,29,5,29,NA,NA,NA,NA,0,7,29,no_gaze,no_noise_no_gaze
ball,shoe,shoe,9130a9087fb36afab088249b35b59599_1920x1080,face,ol_sa_shoe_nonoise_hey,yes,shoe,familiar,high,ol,straight_ahead,no_noise,hey,2,25,4,9,5,5,5,25,5,25,NA,NA,NA,NA,0,7,25,no_gaze,no_noise_no_gaze
bottle,cookie,bottle,92647a0f2f83ed39d27d14db69108a80_1920x1080,face,ol_sa_bottle_nonoise_look,yes,bottle,familiar,high,ol,straight_ahead,no_noise,look,3,1,4,11,5,1,5,16,5,16,NA,NA,NA,NA,0,7,16,no_gaze,no_noise_no_gaze
juice,boat,juice,9335fb8623db32ca14c4ca15c696c696_1920x1080,face,gr_sa_juice_noise_hey,yes,juice,familiar,high,gr,straight_ahead,noise,hey,3,3,4,23,5,26,6,18,6,18,NA,NA,NA,NA,0,8,17,no_gaze,noise_no_gaze
bottle,cookie,bottle,94361e288ca48965575c7097212d2c02_1920x1080,face,ol_sa_bottle_nonoise_look,yes,bottle,familiar,high,ol,straight_ahead,no_noise,look,3,1,4,11,5,1,5,16,5,16,NA,NA,NA,NA,0,7,16,no_gaze,no_noise_no_gaze
ball,shoe,ball,9589967271bb73f6c290376d80e203b7_1920x1080,face,ol_sa_ball_nonoise_hey,yes,ball,familiar,high,ol,straight_ahead,no_noise,hey,2,25,4,0,5,3,5,19,5,19,NA,NA,NA,NA,0,7,20,no_gaze,no_noise_no_gaze
bunny,chicken,chicken,95ead62b2791838f62df5c635f9cae8f_1920x1080,face,gr_sa_chicken_noise_hey,yes,chicken,familiar,high,gr,straight_ahead,noise,hey,3,3,4,8,5,13,5,28,5,28,NA,NA,NA,NA,0,7,28,no_gaze,noise_no_gaze
bunny,chicken,chicken,99a01fb6e2181c9c3c78cac10422f3a6_1920x1080,face,ol_sa_chicken_nonoise_hey,yes,chicken,familiar,high,ol,straight_ahead,no_noise,hey,3,17,5,3,6,3,6,22,6,22,NA,NA,NA,NA,0,8,22,no_gaze,no_noise_no_gaze
chicken,bunny,chicken,9bcfc3f36537cc34744c6bcc774517bf_1920x1080,face,gr_sa_chicken_noise_look,yes,chicken,familiar,high,gr,straight_ahead,noise,look,3,12,4,25,5,16,6,0,6,0,NA,NA,NA,NA,0,8,0,no_gaze,noise_no_gaze
bottle,cookie,bottle,9c4a6415455d7ad79b94b9c887e8d723_1920x1080,face,gr_sa_bottle_nonoise_look,yes,bottle,familiar,high,gr,straight_ahead,no_noise,look,3,7,4,23,5,15,5,28,5,28,NA,NA,NA,NA,0,7,28,no_gaze,no_noise_no_gaze
shoe,ball,ball,9c9bd61dde31b738609ad454bbbb2bce_1920x1080,face,gr_sa_ball_nonoise_look,yes,ball,familiar,high,gr,straight_ahead,no_noise,look,3,1,4,21,5,12,5,24,5,24,NA,NA,NA,NA,0,7,25,no_gaze,no_noise_no_gaze
juice,boat,boat,9f16a00a68a5953b79d136c6446ae3f7_1920x1080,face,ol_sa_boat_noise_look,yes,boat,familiar,high,ol,straight_ahead,noise,look,3,15,5,0,5,22,6,9,6,9,NA,NA,NA,NA,0,8,9,no_gaze,noise_no_gaze
cookie,bottle,cookie,9fd0a246341e88a801ebbe34b2328e38_1920x1080,face,gr_sa_cookie_noise_look,yes,cookie,familiar,high,gr,straight_ahead,noise,look,3,23,5,5,5,26,6,10,6,10,NA,NA,NA,NA,0,8,10,no_gaze,noise_no_gaze
ball,shoe,shoe,a18a7d8a6a2923c2cc84e96c0a4c464e_1920x1080,face,gr_sa_shoe_noise_hey,yes,shoe,familiar,high,gr,straight_ahead,noise,hey,3,4,5,0,6,2,6,23,6,23,NA,NA,NA,NA,0,8,22,no_gaze,noise_no_gaze
shoe,ball,shoe,a1ad0b21bead78eee6dd536b78053f78_1920x1080,face,gr_sa_shoe_nonoise_look,yes,shoe,familiar,high,gr,straight_ahead,no_noise,look,2,21,4,10,5,2,5,21,5,21,NA,NA,NA,NA,0,7,21,no_gaze,no_noise_no_gaze
juice,boat,juice,a1bc2da022d2e6c01629d960901ebd43_1920x1080,face,gr_sa_juice_noise_hey,yes,juice,familiar,high,gr,straight_ahead,noise,hey,3,3,4,23,5,26,6,18,6,18,NA,NA,NA,NA,0,8,17,no_gaze,noise_no_gaze
cookie,bottle,cookie,a2125f46057f79efb8c6636e4bd9f773_1920x1080,face,gr_sa_cookie_nonoise_look,yes,cookie,familiar,high,gr,straight_ahead,no_noise,look,3,23,5,5,5,26,6,10,6,10,NA,NA,NA,NA,0,8,10,no_gaze,no_noise_no_gaze
chicken,bunny,chicken,a7db5ebc01ab4cca353534e99d8bb6e9_1920x1080,face,ol_sa_chicken_nonoise_hey,yes,chicken,familiar,high,ol,straight_ahead,no_noise,hey,3,17,5,3,6,3,6,22,6,22,NA,NA,NA,NA,0,8,22,no_gaze,no_noise_no_gaze
cookie,bottle,cookie,ab7937564b24e9bfa177c3e2fb9b14c8_1920x1080,face,gr_sa_cookie_noise_look,yes,cookie,familiar,high,gr,straight_ahead,noise,look,3,23,5,5,5,26,6,10,6,10,NA,NA,NA,NA,0,8,10,no_gaze,noise_no_gaze
bunny,chicken,bunny,ac413e4726f659e173e674b209ec7937_1920x1080,face,ol_sa_bunny_noise_hey,yes,bunny,familiar,high,ol,straight_ahead,noise,hey,3,18,5,2,6,6,6,19,6,19,NA,NA,NA,NA,0,8,19,no_gaze,noise_no_gaze
boat,juice,boat,ad41734c84f3dfae1d70cc1fbd991ada_1920x1080,face,gr_sa_boat_noise_look,yes,boat,familiar,high,gr,straight_ahead,noise,look,3,0,4,14,5,8,5,18,5,18,NA,NA,NA,NA,0,7,18,no_gaze,noise_no_gaze
bunny,chicken,bunny,af09e1bd2f34e0cf42ca4387778962b2_1920x1080,face,ol_sa_bunny_nonoise_look,yes,bunny,familiar,high,ol,straight_ahead,no_noise,look,3,10,4,22,5,12,5,26,5,26,NA,NA,NA,NA,0,7,26,no_gaze,no_noise_no_gaze
bottle,cookie,cookie,b35df3d4b475747df90cadde4d59730c_1920x1080,face,gr_sa_cookie_nonoise_hey,yes,cookie,familiar,high,gr,straight_ahead,no_noise,hey,3,5,4,14,5,15,5,29,5,29,NA,NA,NA,NA,0,7,29,no_gaze,no_noise_no_gaze
ball,shoe,shoe,bb15521e1ffc1bd28824c9153c57b1ed_1920x1080,face,gr_sa_shoe_noise_look,yes,shoe,familiar,high,gr,straight_ahead,noise,look,2,21,4,10,5,2,5,21,5,21,NA,NA,NA,NA,0,7,21,no_gaze,noise_no_gaze
bunny,chicken,bunny,be6e85576505b60c903efc3d05669da9_1920x1080,face,gr_sa_bunny_noise_look,yes,bunny,familiar,high,gr,straight_ahead,noise,look,3,4,4,16,5,10,5,22,5,22,NA,NA,NA,NA,0,7,22,no_gaze,noise_no_gaze
shoe,ball,shoe,bf45d7293c4ce46d550236b46e994a2a_1920x1080,face,ol_sa_shoe_noise_hey,yes,shoe,familiar,high,ol,straight_ahead,noise,hey,2,25,4,9,5,5,5,25,5,25,NA,NA,NA,NA,0,7,25,no_gaze,noise_no_gaze
juice,boat,juice,c2910ed93546d68a613c82a043c42662_1920x1080,face,ol_sa_juice_nonoise_hey,yes,juice,familiar,high,ol,straight_ahead,no_noise,hey,2,19,3,29,4,28,5,12,5,12,NA,NA,NA,NA,0,7,12,no_gaze,no_noise_no_gaze
boat,juice,juice,c5137ea319445c82770c0242c4e35bae_1920x1080,face,ol_sa_juice_nonoise_look,yes,juice,familiar,high,ol,straight_ahead,no_noise,look,2,29,4,16,5,8,5,27,5,27,NA,NA,NA,NA,0,7,27,no_gaze,no_noise_no_gaze
ball,shoe,ball,c871d634b517b5ee276af4d2b8a8d1ca_1920x1080,face,gr_sa_ball_noise_hey,yes,ball,familiar,high,gr,straight_ahead,noise,hey,3,8,4,20,5,24,6,8,6,8,NA,NA,NA,NA,0,8,8,no_gaze,noise_no_gaze
bottle,cookie,bottle,c9ddea2e3151f82dc9f85c3d492c281c_1920x1080,face,ol_sa_bottle_noise_hey,yes,bottle,familiar,high,ol,straight_ahead,noise,hey,3,22,5,2,6,6,6,20,6,20,NA,NA,NA,NA,0,8,20,no_gaze,noise_no_gaze
cookie,bottle,cookie,cb8c148c0f53c3fa802956b5cdc2d966_1920x1080,face,ol_sa_cookie_noise_look,yes,cookie,familiar,high,ol,straight_ahead,noise,look,3,1,4,15,5,5,5,20,5,20,NA,NA,NA,NA,0,7,20,no_gaze,noise_no_gaze
boat,juice,boat,d16c934977223109d5cee8f8b1d8f016_1920x1080,face,gr_sa_boat_nonoise_hey,yes,boat,familiar,high,gr,straight_ahead,no_noise,hey,2,26,4,8,5,16,6,1,6,1,NA,NA,NA,NA,0,8,1,no_gaze,no_noise_no_gaze
boat,juice,juice,d1f59867c8c99d198a087fceee4f20bf_1920x1080,face,ol_sa_juice_noise_look,yes,juice,familiar,high,ol,straight_ahead,noise,look,2,29,4,16,5,8,5,27,5,27,NA,NA,NA,NA,0,7,27,no_gaze,noise_no_gaze
bottle,cookie,cookie,d2a9fb489c63776f91f009c4a3db548f_1920x1080,face,ol_sa_cookie_noise_hey,yes,cookie,familiar,high,ol,straight_ahead,noise,hey,3,16,4,28,5,29,6,13,6,13,NA,NA,NA,NA,0,8,14,no_gaze,noise_no_gaze
bunny,chicken,chicken,d32c34d6d389fd4be655d5201f0c256d_1920x1080,face,gr_sa_chicken_nonoise_hey,yes,chicken,familiar,high,gr,straight_ahead,no_noise,hey,3,3,4,8,5,13,5,28,5,28,NA,NA,NA,NA,0,7,28,no_gaze,no_noise_no_gaze
chicken,bunny,bunny,d4edb3f96adc3700ff091187921cce12_1920x1080,face,ol_sa_bunny_nonoise_hey,yes,bunny,familiar,high,ol,straight_ahead,no_noise,hey,3,18,5,2,6,6,6,19,6,19,NA,NA,NA,NA,0,8,19,no_gaze,no_noise_no_gaze
cookie,bottle,bottle,d57fb6eff89c15db0409ef17ce48e630_1920x1080,face,gr_sa_bottle_noise_look,yes,bottle,familiar,high,gr,straight_ahead,noise,look,3,7,4,23,5,15,5,28,5,28,NA,NA,NA,NA,0,7,28,no_gaze,noise_no_gaze
juice,boat,juice,d6d98b7e80d708ddef5ea806f180cd58_1920x1080,face,gr_sa_juice_noise_hey,yes,juice,familiar,high,gr,straight_ahead,noise,hey,3,3,4,23,5,26,6,18,6,18,NA,NA,NA,NA,0,8,17,no_gaze,noise_no_gaze
boat,juice,juice,dd715733dd78d2245e370184429af7fa_1920x1080,face,gr_sa_juice_noise_look,yes,juice,familiar,high,gr,straight_ahead,noise,look,3,0,4,12,5,7,5,29,5,29,NA,NA,NA,NA,0,7,29,no_gaze,noise_no_gaze
ball,shoe,shoe,deecb75f4502a6cb3748c13a7bcc5959_1920x1080,face,gr_sa_shoe_nonoise_hey,yes,shoe,familiar,high,gr,straight_ahead,no_noise,hey,3,4,5,0,6,2,6,23,6,23,NA,NA,NA,NA,0,8,22,no_gaze,no_noise_no_gaze
shoe,ball,ball,e2dc16a567708492073367554adca72d_1920x1080,face,ol_sa_ball_noise_look,yes,ball,familiar,high,ol,straight_ahead,noise,look,3,19,5,2,5,25,6,11,6,11,NA,NA,NA,NA,0,8,11,no_gaze,noise_no_gaze
chicken,bunny,chicken,e5bd7b141a171078e1e26ab5c9f019c1_1920x1080,face,ol_sa_chicken_nonoise_look,yes,chicken,familiar,high,ol,straight_ahead,no_noise,look,3,9,4,23,5,15,6,4,6,4,NA,NA,NA,NA,0,8,4,no_gaze,no_noise_no_gaze
ball,shoe,ball,e5e070cedb01d75a57ecc539a6beb233_1920x1080,face,ol_sa_ball_noise_hey,yes,ball,familiar,high,ol,straight_ahead,noise,hey,2,25,4,0,5,3,5,19,5,19,NA,NA,NA,NA,0,7,20,no_gaze,noise_no_gaze
ball,shoe,ball,e701a8a83ff135a64bb8dca0cf0227e9_1920x1080,face,gr_sa_ball_nonoise_look,yes,ball,familiar,high,gr,straight_ahead,no_noise,look,3,1,4,21,5,12,5,24,5,24,NA,NA,NA,NA,0,7,25,no_gaze,no_noise_no_gaze
shoe,ball,shoe,e7406202107dcbef7f6d0d21b21cd182_1920x1080,face,gr_sa_shoe_noise_hey,yes,shoe,familiar,high,gr,straight_ahead,noise,hey,3,4,5,0,6,2,6,23,6,23,NA,NA,NA,NA,0,8,22,no_gaze,noise_no_gaze
juice,boat,juice,eb6dcc69d5d10d75bcf6941c563373ff_1920x1080,face,ol_sa_juice_noise_hey,yes,juice,familiar,high,ol,straight_ahead,noise,hey,2,19,3,29,4,28,5,12,5,12,NA,NA,NA,NA,0,7,12,no_gaze,noise_no_gaze
bunny,chicken,chicken,ec418409c125288db38d3fa2fec9616a_1920x1080,face,ol_sa_chicken_noise_hey,yes,chicken,familiar,high,ol,straight_ahead,noise,hey,4,4,5,21,6,21,7,8,7,8,NA,NA,NA,NA,0,9,8,no_gaze,noise_no_gaze
chicken,bunny,chicken,ec69503d6e57d84005d748c8767b1f76_1920x1080,face,gr_sa_chicken_noise_look,yes,chicken,familiar,high,gr,straight_ahead,noise,look,3,12,4,25,5,16,6,0,6,0,NA,NA,NA,NA,0,8,0,no_gaze,noise_no_gaze
shoe,ball,ball,ed2e373ea62653ea9cad109b1917c552_1920x1080,face,ol_sa_ball_nonoise_look,yes,ball,familiar,high,ol,straight_ahead,no_noise,look,3,19,5,2,5,25,6,11,6,11,NA,NA,NA,NA,0,8,11,no_gaze,no_noise_no_gaze
boat,juice,juice,f039ca63aca9906a17762695c9b6c39d_1920x1080,face,ol_sa_juice_noise_look,yes,juice,familiar,high,ol,straight_ahead,noise,look,2,29,4,16,5,8,5,27,5,27,NA,NA,NA,NA,0,7,27,no_gaze,noise_no_gaze
cookie,bottle,bottle,f2da29a0db49e2876b1748a7edbf785c_1920x1080,face,gr_sa_bottle_nonoise_look,yes,bottle,familiar,high,gr,straight_ahead,no_noise,look,3,7,4,23,5,15,5,28,5,28,NA,NA,NA,NA,0,7,28,no_gaze,no_noise_no_gaze
boat,juice,juice,f3209dd1356c687d47b8151b4cfd1487_1920x1080,face,gr_sa_juice_nonoise_look,yes,juice,familiar,high,gr,straight_ahead,no_noise,look,3,0,4,12,5,7,5,29,5,29,NA,NA,NA,NA,0,7,29,no_gaze,no_noise_no_gaze
shoe,ball,shoe,f3edb584e1fae1729e60626f244cf078_1920x1080,face,ol_sa_shoe_noise_look,yes,shoe,familiar,high,ol,straight_ahead,noise,look,2,29,4,13,5,3,5,21,5,21,NA,NA,NA,NA,0,7,21,no_gaze,noise_no_gaze
bottle,cookie,cookie,f691074f973431ccf3a2a9c85eefb36c_1920x1080,face,gr_sa_cookie_nonoise_hey,yes,cookie,familiar,high,gr,straight_ahead,no_noise,hey,3,5,4,14,5,15,5,29,5,29,NA,NA,NA,NA,0,7,29,no_gaze,no_noise_no_gaze
juice,boat,boat,f78e5d1f7e8527168b9cbf263c28bc32_1920x1080,face,ol_sa_boat_nonoise_look,yes,boat,familiar,high,ol,straight_ahead,no_noise,look,3,15,5,0,5,22,6,9,6,9,NA,NA,NA,NA,0,8,9,no_gaze,no_noise_no_gaze
cookie,bottle,bottle,f7cacfcf2d7c0041396810f55a517047_1920x1080,face,ol_sa_bottle_noise_look,yes,bottle,familiar,high,ol,straight_ahead,noise,look,3,1,4,11,5,1,5,16,5,16,NA,NA,NA,NA,0,7,16,no_gaze,noise_no_gaze
bunny,chicken,chicken,fb242bcdfb08cd484d83ab4161da6e11_1920x1080,face,gr_sa_chicken_noise_hey,yes,chicken,familiar,high,gr,straight_ahead,noise,hey,3,3,4,8,5,13,5,28,5,28,NA,NA,NA,NA,0,7,28,no_gaze,noise_no_gaze
juice,boat,boat,fbe6fbe7d23525f4ed5e16685f5f1f8f_1920x1080,face,gr_sa_boat_noise_look,yes,boat,familiar,high,gr,straight_ahead,noise,look,3,0,4,14,5,8,5,18,5,18,NA,NA,NA,NA,0,7,18,no_gaze,noise_no_gaze
shoe,ball,ball,fd696e52b03d0a4ca88a403ada4473f2_1920x1080,face,gr_sa_ball_nonoise_look,yes,ball,familiar,high,gr,straight_ahead,no_noise,look,3,1,4,21,5,12,5,24,5,24,NA,NA,NA,NA,0,7,25,no_gaze,no_noise_no_gaze
juice,boat,juice,ff8f96a0d81f911b9703be0b33ee5c96_1920x1080,face,ol_sa_juice_noise_hey,yes,juice,familiar,high,ol,straight_ahead,noise,hey,2,19,3,29,4,28,5,12,5,12,NA,NA,NA,NA,0,7,12,no_gaze,noise_no_gaze
